transaction_id,from_account_id,to_account_id,amount,txn_date,fir_id,flagged_suspicious,flag_reason
TXN-000001,ACC-00062,ACC-00071,2000.0,2025-01-06,,0,
TXN-000002,ACC-00071,ACC-00062,15000.0,2026-04-15,,0,
TXN-000003,ACC-00071,ACC-00062,500.0,2025-06-10,,0,
TXN-000004,ACC-00070,ACC-00013,90000.0,2025-07-17,,0,
TXN-000005,ACC-00070,ACC-00064,200000.0,2025-11-10,,1,"High-value transfer above Rs. 2,00,000"
TXN-000006,ACC-00066,ACC-00042,15000.0,2025-04-16,FIR-2025-00078,1,Linked to an open Cybercrime/Fraud FIR
TXN-000007,ACC-00042,ACC-00066,5000.0,2025-04-15,,0,
TXN-000008,ACC-00042,ACC-00066,90000.0,2025-10-11,,0,
TXN-000009,ACC-00066,ACC-00042,5000.0,2025-08-10,FIR-2025-00118,1,Linked to an open Cybercrime/Fraud FIR
TXN-000010,ACC-00063,ACC-00029,5000.0,2025-01-01,,0,
TXN-000011,ACC-00029,ACC-00063,500.0,2026-03-27,,0,
TXN-000012,ACC-00023,ACC-00019,40000.0,2025-05-01,,0,
TXN-000013,ACC-00019,ACC-00023,200000.0,2026-05-01,,1,"High-value transfer above Rs. 2,00,000"
TXN-000014,ACC-00023,ACC-00019,90000.0,2025-08-08,,0,
TXN-000015,ACC-00019,ACC-00023,5000.0,2026-03-29,,0,
TXN-000016,ACC-00023,ACC-00019,2000.0,2026-03-22,,0,
TXN-000017,ACC-00009,ACC-00060,90000.0,2025-12-21,,0,
TXN-000018,ACC-00060,ACC-00012,15000.0,2025-07-15,,0,
TXN-000019,ACC-00012,ACC-00060,5000.0,2025-01-11,,0,
TXN-000020,ACC-00009,ACC-00012,90000.0,2025-01-06,,0,
TXN-000021,ACC-00026,ACC-00053,90000.0,2026-05-30,,0,
TXN-000022,ACC-00053,ACC-00026,500.0,2026-05-06,,0,
TXN-000023,ACC-00026,ACC-00053,40000.0,2025-02-28,,0,
TXN-000024,ACC-00044,ACC-00053,450000.0,2026-04-11,,1,"High-value transfer above Rs. 2,00,000"
TXN-000025,ACC-00050,ACC-00002,2000.0,2025-06-06,FIR-2025-00017,1,Linked to an open Cybercrime/Fraud FIR
TXN-000026,ACC-00050,ACC-00002,2000.0,2025-05-03,,0,
TXN-000027,ACC-00050,ACC-00002,500.0,2025-10-12,,0,
TXN-000028,ACC-00050,ACC-00002,90000.0,2025-11-21,,0,
TXN-000029,ACC-00050,ACC-00002,500.0,2026-02-17,,0,
TXN-000030,ACC-00047,ACC-00041,2000.0,2026-05-29,,0,
TXN-000031,ACC-00041,ACC-00015,2000.0,2025-02-15,,0,
TXN-000032,ACC-00015,ACC-00041,200000.0,2025-01-04,,1,"High-value transfer above Rs. 2,00,000"
TXN-000033,ACC-00015,ACC-00047,90000.0,2026-04-23,,0,
TXN-000034,ACC-00047,ACC-00041,450000.0,2025-04-03,,1,"High-value transfer above Rs. 2,00,000"
TXN-000035,ACC-00024,ACC-00035,5000.0,2025-01-21,,0,
TXN-000036,ACC-00035,ACC-00024,15000.0,2026-04-17,,0,
TXN-000037,ACC-00035,ACC-00024,40000.0,2025-07-15,,0,
TXN-000038,ACC-00057,ACC-00017,200000.0,2025-07-02,,1,"High-value transfer above Rs. 2,00,000"
TXN-000039,ACC-00057,ACC-00017,90000.0,2025-07-12,,0,
TXN-000040,ACC-00057,ACC-00017,5000.0,2025-09-23,,0,
TXN-000041,ACC-00051,ACC-00054,450000.0,2026-01-08,,1,"High-value transfer above Rs. 2,00,000"
TXN-000042,ACC-00051,ACC-00039,5000.0,2026-01-30,FIR-2026-00304,1,Linked to an open Cybercrime/Fraud FIR
TXN-000043,ACC-00054,ACC-00039,200000.0,2025-10-23,,1,"High-value transfer above Rs. 2,00,000"
TXN-000044,ACC-00054,ACC-00051,40000.0,2025-08-04,,0,
TXN-000045,ACC-00051,ACC-00054,450000.0,2025-04-29,,1,"High-value transfer above Rs. 2,00,000"
TXN-000046,ACC-00005,ACC-00025,450000.0,2026-01-17,,1,"High-value transfer above Rs. 2,00,000"
TXN-000047,ACC-00028,ACC-00005,500.0,2025-04-18,,0,
TXN-000048,ACC-00028,ACC-00005,500.0,2026-05-02,,0,
TXN-000049,ACC-00006,ACC-00007,5000.0,2025-11-10,,0,
TXN-000050,ACC-00007,ACC-00006,5000.0,2026-03-26,,0,
TXN-000051,ACC-00006,ACC-00007,200000.0,2025-09-07,,1,"High-value transfer above Rs. 2,00,000"
TXN-000052,ACC-00006,ACC-00007,90000.0,2026-02-15,,0,
TXN-000053,ACC-00065,ACC-00069,2000.0,2025-10-03,,0,
TXN-000054,ACC-00069,ACC-00065,5000.0,2025-11-04,,0,
TXN-000055,ACC-00065,ACC-00069,5000.0,2025-02-25,,0,
TXN-000056,ACC-00065,ACC-00069,5000.0,2026-04-15,,0,
TXN-000057,ACC-00032,ACC-00031,500.0,2025-07-25,,0,
TXN-000058,ACC-00032,ACC-00031,40000.0,2025-08-30,,0,
TXN-000059,ACC-00032,ACC-00031,2000.0,2025-06-07,,0,
TXN-000060,ACC-00031,ACC-00032,450000.0,2025-04-13,,1,"High-value transfer above Rs. 2,00,000"
TXN-000061,ACC-00031,ACC-00032,15000.0,2026-01-21,,0,
TXN-000062,ACC-00045,ACC-00016,200000.0,2025-05-17,,1,"High-value transfer above Rs. 2,00,000"
TXN-000063,ACC-00016,ACC-00045,40000.0,2026-03-11,,0,
TXN-000064,ACC-00016,ACC-00045,90000.0,2025-01-28,,0,
TXN-000065,ACC-00045,ACC-00016,15000.0,2025-12-15,,0,
TXN-000066,ACC-00045,ACC-00016,2000.0,2025-05-22,,0,
TXN-000067,ACC-00043,ACC-00059,15000.0,2025-04-06,,0,
TXN-000068,ACC-00059,ACC-00043,5000.0,2025-10-19,,0,
TXN-000069,ACC-00059,ACC-00043,450000.0,2025-07-03,FIR-2025-00211,1,Linked to an open Cybercrime/Fraud FIR
TXN-000070,ACC-00043,ACC-00059,2000.0,2025-03-26,,0,
TXN-000071,ACC-00059,ACC-00043,200000.0,2025-01-13,,1,"High-value transfer above Rs. 2,00,000"
TXN-000072,ACC-00036,ACC-00048,200000.0,2025-01-12,,1,"High-value transfer above Rs. 2,00,000"
TXN-000073,ACC-00036,ACC-00033,200000.0,2025-11-07,,1,"High-value transfer above Rs. 2,00,000"
TXN-000074,ACC-00036,ACC-00033,2000.0,2026-04-07,,0,
TXN-000075,ACC-00014,ACC-00058,90000.0,2025-07-03,,0,
TXN-000076,ACC-00014,ACC-00058,2000.0,2025-12-12,,0,
TXN-000077,ACC-00058,ACC-00014,15000.0,2026-04-11,,0,
TXN-000078,ACC-00014,ACC-00037,450000.0,2025-05-05,,1,"High-value transfer above Rs. 2,00,000"
TXN-000079,ACC-00001,ACC-00018,500.0,2026-01-14,,0,
TXN-000080,ACC-00001,ACC-00018,90000.0,2025-01-25,,0,
TXN-000081,ACC-00001,ACC-00018,40000.0,2025-01-18,,0,
TXN-000082,ACC-00001,ACC-00018,40000.0,2025-04-25,,0,
TXN-000083,ACC-00001,ACC-00018,200000.0,2025-03-28,,1,"High-value transfer above Rs. 2,00,000"
TXN-000084,ACC-00027,ACC-00040,450000.0,2025-10-09,,1,"High-value transfer above Rs. 2,00,000"
TXN-000085,ACC-00040,ACC-00027,15000.0,2026-06-21,,0,
TXN-000086,ACC-00038,ACC-00021,90000.0,2025-05-31,,0,
TXN-000087,ACC-00021,ACC-00038,200000.0,2025-03-22,,1,"High-value transfer above Rs. 2,00,000"
TXN-000088,ACC-00046,ACC-00021,200000.0,2025-07-08,,1,"High-value transfer above Rs. 2,00,000"
TXN-000089,ACC-00021,ACC-00046,2000.0,2026-03-20,,0,
TXN-000090,ACC-00038,ACC-00021,40000.0,2026-06-11,,0,
TXN-000091,ACC-00056,ACC-00003,90000.0,2025-08-09,,0,
TXN-000092,ACC-00010,ACC-00056,5000.0,2025-02-16,,0,
TXN-000093,ACC-00056,ACC-00010,5000.0,2025-10-07,,0,
TXN-000094,ACC-00049,ACC-00022,500.0,2025-05-13,,0,
TXN-000095,ACC-00049,ACC-00022,450000.0,2025-11-22,,1,"High-value transfer above Rs. 2,00,000"
TXN-000096,ACC-00020,ACC-00055,500.0,2025-08-15,,0,
TXN-000097,ACC-00020,ACC-00055,450000.0,2025-12-03,,1,"High-value transfer above Rs. 2,00,000"
TXN-000098,ACC-00068,ACC-00034,90000.0,2025-12-21,,0,
TXN-000099,ACC-00068,ACC-00034,450000.0,2026-05-26,,1,"High-value transfer above Rs. 2,00,000"
TXN-000100,ACC-00034,ACC-00068,200000.0,2025-02-03,,1,"High-value transfer above Rs. 2,00,000"
TXN-000101,ACC-00034,ACC-00068,90000.0,2026-01-14,,0,
TXN-000102,ACC-00068,ACC-00034,90000.0,2026-04-24,,0,
TXN-000103,ACC-00052,ACC-00004,40000.0,2026-05-18,,0,
TXN-000104,ACC-00052,ACC-00020,15000.0,2025-05-15,,0,
TXN-000105,ACC-00052,ACC-00022,200000.0,2025-05-07,,1,"High-value transfer above Rs. 2,00,000"
TXN-000106,ACC-00052,ACC-00046,2000.0,2025-08-05,,0,
TXN-000107,ACC-00052,ACC-00057,2000.0,2025-07-02,,0,
TXN-000108,ACC-00052,ACC-00055,5000.0,2026-02-15,,0,
TXN-000109,ACC-00052,ACC-00003,200000.0,2025-08-11,,1,"High-value transfer above Rs. 2,00,000"
TXN-000110,ACC-00052,ACC-00049,200000.0,2025-10-13,,1,"High-value transfer above Rs. 2,00,000"
TXN-000111,ACC-00061,ACC-00041,200000.0,2026-04-21,,1,"High-value transfer above Rs. 2,00,000"
TXN-000112,ACC-00061,ACC-00047,40000.0,2026-04-06,,0,
TXN-000113,ACC-00061,ACC-00014,5000.0,2025-07-01,,0,
TXN-000114,ACC-00061,ACC-00071,200000.0,2025-12-09,,1,"High-value transfer above Rs. 2,00,000"
TXN-000115,ACC-00061,ACC-00066,450000.0,2025-04-11,,1,"High-value transfer above Rs. 2,00,000"
TXN-000116,ACC-00061,ACC-00051,200000.0,2026-03-05,,1,"High-value transfer above Rs. 2,00,000"
TXN-000117,ACC-00061,ACC-00029,200000.0,2025-01-30,,1,"High-value transfer above Rs. 2,00,000"
TXN-000118,ACC-00061,ACC-00055,15000.0,2026-05-31,,0,
TXN-000119,ACC-00067,ACC-00011,2000.0,2025-01-24,,0,
TXN-000120,ACC-00067,ACC-00053,200000.0,2025-07-17,,1,"High-value transfer above Rs. 2,00,000"
TXN-000121,ACC-00067,ACC-00003,5000.0,2025-09-03,,0,
TXN-000122,ACC-00067,ACC-00042,5000.0,2025-07-24,,0,
TXN-000123,ACC-00067,ACC-00032,90000.0,2025-03-08,,0,
TXN-000124,ACC-00067,ACC-00022,500.0,2026-04-18,,0,
TXN-000125,ACC-00067,ACC-00061,450000.0,2026-03-31,,1,"High-value transfer above Rs. 2,00,000"
TXN-000126,ACC-00067,ACC-00044,15000.0,2026-04-18,,0,
TXN-000127,ACC-00030,ACC-00066,500.0,2026-02-21,,0,
TXN-000128,ACC-00030,ACC-00015,450000.0,2025-03-14,,1,"High-value transfer above Rs. 2,00,000"
TXN-000129,ACC-00030,ACC-00044,200000.0,2025-05-04,,1,"High-value transfer above Rs. 2,00,000"
TXN-000130,ACC-00030,ACC-00021,500.0,2025-03-03,,0,
TXN-000131,ACC-00030,ACC-00033,40000.0,2025-02-10,,0,
TXN-000132,ACC-00030,ACC-00061,90000.0,2026-06-08,,0,
TXN-000133,ACC-00030,ACC-00009,450000.0,2025-05-08,,1,"High-value transfer above Rs. 2,00,000"
TXN-000134,ACC-00030,ACC-00001,2000.0,2025-09-26,,0,
TXN-000135,ACC-00022,ACC-00049,90000.0,2025-12-14,,0,
TXN-000136,ACC-00019,ACC-00023,15000.0,2025-12-04,,0,
TXN-000137,ACC-00018,ACC-00001,450000.0,2025-09-24,,1,"High-value transfer above Rs. 2,00,000"
TXN-000138,ACC-00057,ACC-00017,90000.0,2025-09-22,,0,
TXN-000139,ACC-00036,ACC-00048,5000.0,2025-10-23,,0,
TXN-000140,ACC-00062,ACC-00071,90000.0,2025-11-11,,0,
TXN-000141,ACC-00038,ACC-00046,450000.0,2025-10-29,,1,"High-value transfer above Rs. 2,00,000"
TXN-000142,ACC-00019,ACC-00023,40000.0,2025-09-21,,0,
TXN-000143,ACC-00018,ACC-00001,15000.0,2025-06-01,,0,
TXN-000144,ACC-00048,ACC-00036,90000.0,2026-06-14,,0,
TXN-000145,ACC-00005,ACC-00025,90000.0,2026-05-29,,0,
TXN-000146,ACC-00057,ACC-00017,450000.0,2026-06-22,,1,"High-value transfer above Rs. 2,00,000"
TXN-000147,ACC-00032,ACC-00031,200000.0,2025-12-17,FIR-2025-00029,1,Linked to an open Cybercrime/Fraud FIR
TXN-000148,ACC-00002,ACC-00050,15000.0,2025-05-03,,0,
TXN-000149,ACC-00018,ACC-00001,450000.0,2025-01-13,,1,"High-value transfer above Rs. 2,00,000"
TXN-000150,ACC-00034,ACC-00068,90000.0,2026-02-13,,0,
TXN-000151,ACC-00018,ACC-00001,2000.0,2025-03-23,,0,
TXN-000152,ACC-00020,ACC-00055,15000.0,2025-07-07,,0,
TXN-000153,ACC-00021,ACC-00038,15000.0,2026-04-13,,0,
TXN-000154,ACC-00009,ACC-00012,40000.0,2025-07-14,,0,
TXN-000155,ACC-00003,ACC-00056,40000.0,2025-09-07,FIR-2025-00118,1,Linked to an open Cybercrime/Fraud FIR
TXN-000156,ACC-00033,ACC-00036,450000.0,2025-02-22,,1,"High-value transfer above Rs. 2,00,000"
TXN-000157,ACC-00017,ACC-00057,450000.0,2025-03-27,,1,"High-value transfer above Rs. 2,00,000"
TXN-000158,ACC-00032,ACC-00031,15000.0,2025-11-04,,0,
TXN-000159,ACC-00048,ACC-00036,2000.0,2026-03-30,,0,
TXN-000160,ACC-00022,ACC-00049,500.0,2026-02-21,,0,
TXN-000161,ACC-00014,ACC-00058,5000.0,2026-05-10,,0,
TXN-000162,ACC-00016,ACC-00045,40000.0,2025-09-12,,0,
TXN-000163,ACC-00057,ACC-00017,450000.0,2025-07-06,,1,"High-value transfer above Rs. 2,00,000"
TXN-000164,ACC-00032,ACC-00031,450000.0,2025-07-03,,1,"High-value transfer above Rs. 2,00,000"
TXN-000165,ACC-00066,ACC-00042,2000.0,2026-03-30,,0,
TXN-000166,ACC-00017,ACC-00057,2000.0,2025-08-07,,0,
TXN-000167,ACC-00024,ACC-00004,90000.0,2026-04-29,,0,
TXN-000168,ACC-00029,ACC-00063,5000.0,2025-07-16,,0,
TXN-000169,ACC-00049,ACC-00022,5000.0,2025-06-10,,0,
TXN-000170,ACC-00057,ACC-00017,40000.0,2025-09-27,,0,
TXN-000171,ACC-00031,ACC-00032,5000.0,2025-12-29,,0,
TXN-000172,ACC-00068,ACC-00034,40000.0,2026-02-07,,0,
TXN-000173,ACC-00049,ACC-00022,200000.0,2025-12-29,FIR-2025-00201,1,Linked to an open Cybercrime/Fraud FIR
TXN-000174,ACC-00018,ACC-00001,40000.0,2025-07-27,FIR-2026-00366,1,Linked to an open Cybercrime/Fraud FIR
TXN-000175,ACC-00044,ACC-00026,40000.0,2025-01-25,,0,
TXN-000176,ACC-00057,ACC-00017,90000.0,2025-07-24,,0,
TXN-000177,ACC-00020,ACC-00055,40000.0,2025-09-06,,0,
TXN-000178,ACC-00012,ACC-00060,450000.0,2025-02-17,,1,"High-value transfer above Rs. 2,00,000"
TXN-000179,ACC-00049,ACC-00022,15000.0,2026-01-20,,0,
TXN-000180,ACC-00013,ACC-00064,90000.0,2026-01-14,,0,
TXN-000181,ACC-00069,ACC-00065,450000.0,2025-03-17,,1,"High-value transfer above Rs. 2,00,000"
TXN-000182,ACC-00057,ACC-00017,5000.0,2025-07-24,,0,
TXN-000183,ACC-00043,ACC-00059,15000.0,2025-09-24,,0,
TXN-000184,ACC-00059,ACC-00043,5000.0,2025-03-11,,0,
TXN-000185,ACC-00055,ACC-00020,450000.0,2025-08-08,,1,"High-value transfer above Rs. 2,00,000"
TXN-000186,ACC-00012,ACC-00060,15000.0,2025-12-08,,0,
TXN-000187,ACC-00044,ACC-00026,40000.0,2025-01-24,,0,
TXN-000188,ACC-00019,ACC-00023,200000.0,2026-05-14,,1,"High-value transfer above Rs. 2,00,000"
TXN-000189,ACC-00020,ACC-00055,90000.0,2025-02-02,FIR-2025-00221,1,Linked to an open Cybercrime/Fraud FIR
TXN-000190,ACC-00016,ACC-00045,40000.0,2025-03-10,,0,
TXN-000191,ACC-00003,ACC-00056,2000.0,2026-06-10,,0,
TXN-000192,ACC-00066,ACC-00042,2000.0,2026-03-18,,0,
TXN-000193,ACC-00068,ACC-00034,450000.0,2025-06-05,,1,"High-value transfer above Rs. 2,00,000"
TXN-000194,ACC-00001,ACC-00018,5000.0,2025-12-14,,0,
TXN-000195,ACC-00069,ACC-00065,200000.0,2025-01-07,,1,"High-value transfer above Rs. 2,00,000"
TXN-000196,ACC-00014,ACC-00037,500.0,2026-03-14,,0,
TXN-000197,ACC-00023,ACC-00019,90000.0,2025-07-25,,0,
TXN-000198,ACC-00049,ACC-00022,15000.0,2025-07-31,,0,
TXN-000199,ACC-00035,ACC-00024,500.0,2025-02-10,,0,
TXN-000200,ACC-00022,ACC-00049,2000.0,2025-11-19,,0,
TXN-000201,ACC-00050,ACC-00002,40000.0,2025-10-05,,0,
TXN-000202,ACC-00050,ACC-00002,500.0,2026-03-27,,0,
TXN-000203,ACC-00029,ACC-00063,450000.0,2025-08-02,,1,"High-value transfer above Rs. 2,00,000"
TXN-000204,ACC-00025,ACC-00005,450000.0,2025-07-30,,1,"High-value transfer above Rs. 2,00,000"
TXN-000205,ACC-00049,ACC-00022,2000.0,2026-06-03,,0,
TXN-000206,ACC-00033,ACC-00048,5000.0,2025-05-04,,0,
TXN-000207,ACC-00031,ACC-00032,200000.0,2025-04-03,,1,"High-value transfer above Rs. 2,00,000"
TXN-000208,ACC-00055,ACC-00020,40000.0,2026-04-13,,0,
TXN-000209,ACC-00062,ACC-00071,200000.0,2025-04-13,,1,"High-value transfer above Rs. 2,00,000"
TXN-000210,ACC-00051,ACC-00039,2000.0,2025-11-04,,0,
TXN-000211,ACC-00050,ACC-00002,450000.0,2025-11-28,FIR-2025-00142,1,Linked to an open Cybercrime/Fraud FIR
TXN-000212,ACC-00013,ACC-00064,5000.0,2025-05-12,,0,
TXN-000213,ACC-00045,ACC-00016,450000.0,2025-03-04,,1,"High-value transfer above Rs. 2,00,000"
TXN-000214,ACC-00037,ACC-00014,90000.0,2025-06-11,,0,
TXN-000215,ACC-00007,ACC-00006,5000.0,2025-07-05,,0,
TXN-000216,ACC-00054,ACC-00039,500.0,2025-11-10,,0,
TXN-000217,ACC-00028,ACC-00005,40000.0,2025-01-30,,0,
TXN-000218,ACC-00020,ACC-00055,500.0,2025-02-05,,0,
TXN-000219,ACC-00003,ACC-00010,500.0,2026-06-22,,0,
TXN-000220,ACC-00009,ACC-00060,500.0,2025-08-17,,0,
TXN-000221,ACC-00066,ACC-00042,2000.0,2026-04-21,,0,
TXN-000222,ACC-00006,ACC-00007,500.0,2026-04-26,,0,
TXN-000223,ACC-00041,ACC-00015,90000.0,2025-04-09,,0,
TXN-000224,ACC-00031,ACC-00032,5000.0,2025-05-13,,0,
TXN-000225,ACC-00020,ACC-00055,2000.0,2026-02-18,,0,
TXN-000226,ACC-00024,ACC-00035,15000.0,2025-07-09,,0,
TXN-000227,ACC-00056,ACC-00010,90000.0,2026-04-19,,0,
TXN-000228,ACC-00040,ACC-00027,90000.0,2025-05-29,,0,
TXN-000229,ACC-00033,ACC-00048,200000.0,2025-07-22,,1,"High-value transfer above Rs. 2,00,000"
TXN-000230,ACC-00009,ACC-00060,500.0,2025-09-01,,0,
TXN-000231,ACC-00012,ACC-00060,500.0,2026-05-11,,0,
TXN-000232,ACC-00054,ACC-00051,450000.0,2026-04-10,,1,"High-value transfer above Rs. 2,00,000"
TXN-000233,ACC-00014,ACC-00058,2000.0,2026-06-11,,0,
TXN-000234,ACC-00057,ACC-00017,40000.0,2026-05-15,,0,
TXN-000235,ACC-00049,ACC-00022,90000.0,2025-09-27,,0,
TXN-000236,ACC-00066,ACC-00042,500.0,2025-05-10,,0,
TXN-000237,ACC-00063,ACC-00029,2000.0,2025-10-30,,0,
TXN-000238,ACC-00023,ACC-00019,450000.0,2025-03-26,,1,"High-value transfer above Rs. 2,00,000"
TXN-000239,ACC-00045,ACC-00016,15000.0,2025-08-16,,0,
TXN-000240,ACC-00022,ACC-00049,90000.0,2025-06-05,,0,
