fir_id,date_filed,police_station,district,crime_type,area,description,status,section_of_law
FIR-2025-00001,2025-02-08,Lashkar PS,Mysuru,Theft,Devaraja Mohalla,Complainant reported theft of gold ornaments from the bus stand in Devaraja Mohalla. Estimated value Rs. 5000.,Under Investigation,IPC 379
FIR-2025-00002,2025-04-12,Kadri PS,Mangaluru,Theft,Surathkal,Complainant reported theft of a bicycle from a residential building in Surathkal. Estimated value Rs. 25000.,Closed,IPC 379
FIR-2025-00003,2026-01-03,Cubbon Park PS,Bengaluru Urban,Burglary,Malleshwaram,House break-in reported in Malleshwaram during night hours. Jewellery and cash worth Rs. 12000 stolen.,Closed,IPC 457
FIR-2025-00004,2025-07-30,Cubbon Park PS,Bengaluru Urban,Theft,Malleshwaram,Complainant reported theft of a bicycle from a shopping complex in Malleshwaram. Estimated value Rs. 75000.,Closed,IPC 379
FIR-2025-00005,2025-06-28,Cubbon Park PS,Bengaluru Urban,Theft,Jayanagar 4th Block,Complainant reported theft of a mobile phone from a shopping complex in Jayanagar 4th Block. Estimated value Rs. 5000.,Open,IPC 379
FIR-2025-00006,2025-03-07,Whitefield PS,Bengaluru Urban,Assault,MG Road,Physical altercation reported near the market in MG Road. Complainant sustained minor injuries.,Under Investigation,IPC 323
FIR-2025-00007,2026-02-16,Lashkar PS,Mysuru,Theft,Hebbal Industrial Area,Complainant reported theft of a mobile phone from a residential building in Hebbal Industrial Area. Estimated value Rs. 150000.,Open,IPC 379
FIR-2025-00008,2025-11-29,Whitefield PS,Bengaluru Urban,Robbery,Malleshwaram,Armed robbery reported at the railway station in Malleshwaram. Cash and valuables worth Rs. 25000 taken.,Under Investigation,IPC 392
FIR-2025-00009,2026-02-13,Whitefield PS,Bengaluru Urban,Assault,Whitefield,Physical altercation reported near the market in Whitefield. Complainant sustained minor injuries.,Open,IPC 323
FIR-2025-00010,2026-01-17,Indiranagar PS,Bengaluru Urban,Assault,Koramangala,Physical altercation reported near the bus stand in Koramangala. Complainant sustained minor injuries.,Closed,IPC 323
FIR-2025-00011,2025-06-08,VV Puram PS,Mysuru,Assault,Lashkar Mohalla,Physical altercation reported near a shopping complex in Lashkar Mohalla. Complainant sustained minor injuries.,Under Investigation,IPC 323
FIR-2025-00012,2025-10-01,Mangaluru North PS,Mangaluru,Fraud,Hampankatta,Complainant defrauded of Rs. 150000 in a real-estate advance scheme operating in Hampankatta.,Under Investigation,IPC 420
FIR-2025-00013,2025-02-01,Cubbon Park PS,Bengaluru Urban,Theft,Koramangala,Complainant reported theft of a bicycle from a shopping complex in Koramangala. Estimated value Rs. 40000.,Closed,IPC 379
FIR-2025-00014,2025-02-23,Mangaluru North PS,Mangaluru,Cybercrime,Hampankatta,Complainant reported online fraud of Rs. 5000 via a fake UPI payment link. Transaction traced to unknown account.,Under Investigation,IT Act 66
FIR-2025-00015,2026-03-17,Cubbon Park PS,Bengaluru Urban,Cybercrime,Jayanagar 4th Block,Complainant reported online fraud of Rs. 150000 via a phishing email. Transaction traced to unknown account.,Open,IT Act 66
FIR-2025-00016,2025-09-19,Jayanagar PS,Bengaluru Urban,Theft,Indiranagar,Complainant reported theft of cash from the bus stand in Indiranagar. Estimated value Rs. 5000.,Closed,IPC 379
FIR-2025-00017,2025-03-15,Lashkar PS,Mysuru,Fraud,Kuvempunagar,Complainant defrauded of Rs. 5000 in a chit fund scheme operating in Kuvempunagar.,Closed,IPC 420
FIR-2025-00018,2025-11-29,Indiranagar PS,Bengaluru Urban,Theft,MG Road,Complainant reported theft of a bicycle from a residential building in MG Road. Estimated value Rs. 300000.,Under Investigation,IPC 379
FIR-2025-00019,2025-12-14,Devaraja PS,Mysuru,Assault,Kuvempunagar,Physical altercation reported near a shopping complex in Kuvempunagar. Complainant sustained minor injuries.,Open,IPC 323
FIR-2025-00020,2025-06-06,Cubbon Park PS,Bengaluru Urban,Theft,Malleshwaram,Complainant reported theft of a laptop from a parking lot in Malleshwaram. Estimated value Rs. 40000.,Under Investigation,IPC 379
FIR-2025-00021,2025-02-27,Jayanagar PS,Bengaluru Urban,Robbery,Jayanagar 4th Block,Armed robbery reported at the bus stand in Jayanagar 4th Block. Cash and valuables worth Rs. 25000 taken.,Open,IPC 392
FIR-2025-00022,2026-04-19,Hubballi City PS,Hubballi-Dharwad,Fraud,Dharwad Market,Complainant defrauded of Rs. 150000 in a real-estate advance scheme operating in Dharwad Market.,Under Investigation,IPC 420
FIR-2025-00023,2026-06-01,Panambur PS,Mangaluru,Fraud,Hampankatta,Complainant defrauded of Rs. 12000 in a loan processing fee scheme operating in Hampankatta.,Closed,IPC 420
FIR-2025-00024,2025-02-23,Jayanagar PS,Bengaluru Urban,Burglary,Koramangala,House break-in reported in Koramangala during night hours. Jewellery and cash worth Rs. 5000 stolen.,Under Investigation,IPC 457
FIR-2025-00025,2026-02-06,Indiranagar PS,Bengaluru Urban,Assault,Koramangala,Physical altercation reported near a parking lot in Koramangala. Complainant sustained minor injuries.,Open,IPC 323
FIR-2025-00026,2026-01-07,Lashkar PS,Mysuru,Cybercrime,Devaraja Mohalla,Complainant reported online fraud of Rs. 25000 via a phishing email. Transaction traced to unknown account.,Open,IT Act 66
FIR-2025-00027,2025-12-11,Panambur PS,Mangaluru,Cybercrime,Hampankatta,Complainant reported online fraud of Rs. 40000 via an OTP scam call. Transaction traced to unknown account.,Under Investigation,IT Act 66
FIR-2025-00028,2025-10-19,VV Puram PS,Mysuru,Theft,Hebbal Industrial Area,Complainant reported theft of gold ornaments from a shopping complex in Hebbal Industrial Area. Estimated value Rs. 75000.,Under Investigation,IPC 379
FIR-2025-00029,2026-01-27,VV Puram PS,Mysuru,Cybercrime,Kuvempunagar,Complainant reported online fraud of Rs. 12000 via an OTP scam call. Transaction traced to unknown account.,Closed,IT Act 66
FIR-2025-00030,2025-10-19,Devaraja PS,Mysuru,Theft,Devaraja Mohalla,Complainant reported theft of a laptop from the market in Devaraja Mohalla. Estimated value Rs. 40000.,Closed,IPC 379
FIR-2025-00031,2025-08-30,Whitefield PS,Bengaluru Urban,Assault,Jayanagar 4th Block,Physical altercation reported near the market in Jayanagar 4th Block. Complainant sustained minor injuries.,Open,IPC 323
FIR-2025-00032,2025-05-23,Whitefield PS,Bengaluru Urban,Fraud,Koramangala,Complainant defrauded of Rs. 5000 in a chit fund scheme operating in Koramangala.,Closed,IPC 420
FIR-2025-00033,2025-09-01,Lashkar PS,Mysuru,Assault,Kuvempunagar,Physical altercation reported near the bus stand in Kuvempunagar. Complainant sustained minor injuries.,Open,IPC 323
FIR-2025-00034,2025-10-26,Lashkar PS,Mysuru,Theft,Lashkar Mohalla,Complainant reported theft of a mobile phone from the railway station in Lashkar Mohalla. Estimated value Rs. 25000.,Closed,IPC 379
FIR-2025-00035,2026-02-04,Lashkar PS,Mysuru,Fraud,Devaraja Mohalla,Complainant defrauded of Rs. 40000 in a real-estate advance scheme operating in Devaraja Mohalla.,Under Investigation,IPC 420
FIR-2025-00036,2025-05-17,Mangaluru North PS,Mangaluru,Robbery,Panambur,Armed robbery reported at the railway station in Panambur. Cash and valuables worth Rs. 25000 taken.,Open,IPC 392
FIR-2025-00037,2025-07-26,Mangaluru North PS,Mangaluru,Cybercrime,Panambur,Complainant reported online fraud of Rs. 25000 via a fraudulent job portal. Transaction traced to unknown account.,Closed,IT Act 66
FIR-2025-00038,2025-12-06,Jayanagar PS,Bengaluru Urban,Assault,MG Road,Physical altercation reported near the market in MG Road. Complainant sustained minor injuries.,Under Investigation,IPC 323
FIR-2025-00039,2025-10-01,Cubbon Park PS,Bengaluru Urban,Vehicle Theft,Malleshwaram,"Two-wheeler bearing registration KA-21-BK-6372 stolen from parking area near the bus stand, Malleshwaram.",Under Investigation,IPC 379A
FIR-2025-00040,2025-06-20,Whitefield PS,Bengaluru Urban,Robbery,Whitefield,Armed robbery reported at a residential building in Whitefield. Cash and valuables worth Rs. 5000 taken.,Under Investigation,IPC 392
FIR-2025-00041,2025-05-27,Panambur PS,Mangaluru,Robbery,Hampankatta,Armed robbery reported at the bus stand in Hampankatta. Cash and valuables worth Rs. 12000 taken.,Closed,IPC 392
FIR-2025-00042,2026-01-15,Jayanagar PS,Bengaluru Urban,Theft,Whitefield,Complainant reported theft of gold ornaments from the bus stand in Whitefield. Estimated value Rs. 75000.,Closed,IPC 379
FIR-2025-00043,2026-02-01,Yeshwanthpur PS,Bengaluru Urban,Theft,Malleshwaram,Complainant reported theft of a mobile phone from the market in Malleshwaram. Estimated value Rs. 300000.,Open,IPC 379
FIR-2025-00044,2025-03-31,Dharwad PS,Hubballi-Dharwad,Cybercrime,Dharwad Market,Complainant reported online fraud of Rs. 5000 via a fraudulent job portal. Transaction traced to unknown account.,Under Investigation,IT Act 66
FIR-2025-00045,2025-08-31,Whitefield PS,Bengaluru Urban,Theft,Indiranagar,Complainant reported theft of a mobile phone from the market in Indiranagar. Estimated value Rs. 75000.,Under Investigation,IPC 379
FIR-2025-00046,2026-02-24,Hubballi City PS,Hubballi-Dharwad,Burglary,Dharwad Market,House break-in reported in Dharwad Market during night hours. Jewellery and cash worth Rs. 150000 stolen.,Closed,IPC 457
FIR-2025-00047,2025-05-08,Yeshwanthpur PS,Bengaluru Urban,Cybercrime,MG Road,Complainant reported online fraud of Rs. 12000 via an OTP scam call. Transaction traced to unknown account.,Closed,IT Act 66
FIR-2025-00048,2025-05-09,Panambur PS,Mangaluru,Theft,Panambur,Complainant reported theft of cash from the railway station in Panambur. Estimated value Rs. 75000.,Closed,IPC 379
FIR-2025-00049,2025-03-25,Devaraja PS,Mysuru,Fraud,Devaraja Mohalla,Complainant defrauded of Rs. 150000 in a loan processing fee scheme operating in Devaraja Mohalla.,Open,IPC 420
FIR-2025-00050,2025-11-01,Dharwad PS,Hubballi-Dharwad,Cybercrime,Dharwad Market,Complainant reported online fraud of Rs. 5000 via an OTP scam call. Transaction traced to unknown account.,Under Investigation,IT Act 66
FIR-2025-00051,2025-12-20,Whitefield PS,Bengaluru Urban,Fraud,Jayanagar 4th Block,Complainant defrauded of Rs. 75000 in a real-estate advance scheme operating in Jayanagar 4th Block.,Under Investigation,IPC 420
FIR-2025-00052,2026-03-05,Indiranagar PS,Bengaluru Urban,Theft,Whitefield,Complainant reported theft of a laptop from the market in Whitefield. Estimated value Rs. 75000.,Under Investigation,IPC 379
FIR-2025-00053,2026-02-07,Dharwad PS,Hubballi-Dharwad,Cybercrime,Vidyanagar,Complainant reported online fraud of Rs. 75000 via a fraudulent job portal. Transaction traced to unknown account.,Open,IT Act 66
FIR-2025-00054,2025-09-28,Jayanagar PS,Bengaluru Urban,Theft,Indiranagar,Complainant reported theft of gold ornaments from the market in Indiranagar. Estimated value Rs. 5000.,Open,IPC 379
FIR-2025-00055,2025-05-02,Devaraja PS,Mysuru,Burglary,Kuvempunagar,House break-in reported in Kuvempunagar during night hours. Jewellery and cash worth Rs. 25000 stolen.,Under Investigation,IPC 457
FIR-2025-00056,2025-12-08,Whitefield PS,Bengaluru Urban,Theft,Koramangala,Complainant reported theft of a bicycle from a residential building in Koramangala. Estimated value Rs. 12000.,Closed,IPC 379
FIR-2025-00057,2026-06-04,Panambur PS,Mangaluru,Assault,Panambur,Physical altercation reported near a residential building in Panambur. Complainant sustained minor injuries.,Under Investigation,IPC 323
FIR-2025-00058,2026-05-01,Dharwad PS,Hubballi-Dharwad,Robbery,Vidyanagar,Armed robbery reported at the railway station in Vidyanagar. Cash and valuables worth Rs. 12000 taken.,Open,IPC 392
FIR-2025-00059,2026-03-28,Dharwad PS,Hubballi-Dharwad,Theft,Vidyanagar,Complainant reported theft of gold ornaments from a shopping complex in Vidyanagar. Estimated value Rs. 40000.,Under Investigation,IPC 379
FIR-2025-00060,2026-06-23,Lashkar PS,Mysuru,Chain Snatching,Hebbal Industrial Area,"Gold chain snatched from complainant by two persons on a motorcycle near a shopping complex, Hebbal Industrial Area.",Closed,IPC 356
FIR-2025-00061,2025-10-23,Indiranagar PS,Bengaluru Urban,Assault,Jayanagar 4th Block,Physical altercation reported near the market in Jayanagar 4th Block. Complainant sustained minor injuries.,Closed,IPC 323
FIR-2025-00062,2025-02-13,Dharwad PS,Hubballi-Dharwad,Fraud,Old Hubballi,Complainant defrauded of Rs. 40000 in a loan processing fee scheme operating in Old Hubballi.,Open,IPC 420
FIR-2025-00063,2025-02-21,VV Puram PS,Mysuru,Robbery,Lashkar Mohalla,Armed robbery reported at a shopping complex in Lashkar Mohalla. Cash and valuables worth Rs. 150000 taken.,Open,IPC 392
FIR-2025-00064,2026-02-21,Panambur PS,Mangaluru,Theft,Kadri,Complainant reported theft of gold ornaments from a residential building in Kadri. Estimated value Rs. 150000.,Under Investigation,IPC 379
FIR-2025-00065,2025-06-29,Whitefield PS,Bengaluru Urban,Burglary,MG Road,House break-in reported in MG Road during night hours. Jewellery and cash worth Rs. 300000 stolen.,Open,IPC 457
FIR-2025-00066,2025-10-19,Lashkar PS,Mysuru,Vehicle Theft,Kuvempunagar,"Two-wheeler bearing registration KA-18-DK-6417 stolen from parking area near the railway station, Kuvempunagar.",Open,IPC 379A
FIR-2025-00067,2025-01-15,Jayanagar PS,Bengaluru Urban,Theft,Indiranagar,Complainant reported theft of cash from the railway station in Indiranagar. Estimated value Rs. 150000.,Under Investigation,IPC 379
FIR-2025-00068,2026-05-04,Jayanagar PS,Bengaluru Urban,Theft,Indiranagar,Complainant reported theft of a laptop from the bus stand in Indiranagar. Estimated value Rs. 25000.,Under Investigation,IPC 379
FIR-2025-00069,2025-08-30,Devaraja PS,Mysuru,Theft,Kuvempunagar,Complainant reported theft of a mobile phone from a residential building in Kuvempunagar. Estimated value Rs. 25000.,Under Investigation,IPC 379
FIR-2025-00070,2025-06-06,Whitefield PS,Bengaluru Urban,Chain Snatching,Whitefield,"Gold chain snatched from complainant by two persons on a motorcycle near the market, Whitefield.",Under Investigation,IPC 356
FIR-2025-00071,2025-03-05,Panambur PS,Mangaluru,Theft,Hampankatta,Complainant reported theft of a bicycle from a shopping complex in Hampankatta. Estimated value Rs. 75000.,Closed,IPC 379
FIR-2025-00072,2025-02-26,Whitefield PS,Bengaluru Urban,Vehicle Theft,Whitefield,"Two-wheeler bearing registration KA-36-HN-1356 stolen from parking area near the railway station, Whitefield.",Under Investigation,IPC 379A
FIR-2025-00073,2025-02-16,Kadri PS,Mangaluru,Burglary,Hampankatta,House break-in reported in Hampankatta during night hours. Jewellery and cash worth Rs. 5000 stolen.,Under Investigation,IPC 457
FIR-2025-00074,2026-01-19,Kadri PS,Mangaluru,Burglary,Surathkal,House break-in reported in Surathkal during night hours. Jewellery and cash worth Rs. 40000 stolen.,Closed,IPC 457
FIR-2025-00075,2025-01-04,Cubbon Park PS,Bengaluru Urban,Theft,Indiranagar,Complainant reported theft of cash from a residential building in Indiranagar. Estimated value Rs. 150000.,Under Investigation,IPC 379
FIR-2025-00076,2025-04-26,Cubbon Park PS,Bengaluru Urban,Vehicle Theft,Koramangala,"Two-wheeler bearing registration KA-14-BK-1550 stolen from parking area near the railway station, Koramangala.",Under Investigation,IPC 379A
FIR-2025-00077,2025-02-15,Lashkar PS,Mysuru,Vehicle Theft,Lashkar Mohalla,"Two-wheeler bearing registration KA-09-EM-6224 stolen from parking area near a shopping complex, Lashkar Mohalla.",Under Investigation,IPC 379A
FIR-2025-00078,2025-11-06,Mangaluru North PS,Mangaluru,Fraud,Kadri,Complainant defrauded of Rs. 40000 in a real-estate advance scheme operating in Kadri.,Open,IPC 420
FIR-2025-00079,2026-06-22,Jayanagar PS,Bengaluru Urban,Robbery,Whitefield,Armed robbery reported at a residential building in Whitefield. Cash and valuables worth Rs. 12000 taken.,Under Investigation,IPC 392
FIR-2025-00080,2026-02-27,Kadri PS,Mangaluru,Fraud,Hampankatta,Complainant defrauded of Rs. 12000 in a fake investment scheme operating in Hampankatta.,Closed,IPC 420
FIR-2025-00081,2025-02-22,Kadri PS,Mangaluru,Theft,Kadri,Complainant reported theft of gold ornaments from a parking lot in Kadri. Estimated value Rs. 75000.,Closed,IPC 379
FIR-2025-00082,2025-08-05,Indiranagar PS,Bengaluru Urban,Chain Snatching,MG Road,"Gold chain snatched from complainant by two persons on a motorcycle near a parking lot, MG Road.",Under Investigation,IPC 356
FIR-2025-00083,2025-11-12,Kadri PS,Mangaluru,Assault,Panambur,Physical altercation reported near the railway station in Panambur. Complainant sustained minor injuries.,Under Investigation,IPC 323
FIR-2025-00084,2025-05-30,Cubbon Park PS,Bengaluru Urban,Cybercrime,Indiranagar,Complainant reported online fraud of Rs. 75000 via a phishing email. Transaction traced to unknown account.,Under Investigation,IT Act 66
FIR-2025-00085,2025-09-21,Kadri PS,Mangaluru,Cybercrime,Panambur,Complainant reported online fraud of Rs. 12000 via a fraudulent job portal. Transaction traced to unknown account.,Closed,IT Act 66
FIR-2025-00086,2025-02-19,Hubballi City PS,Hubballi-Dharwad,Cybercrime,Vidyanagar,Complainant reported online fraud of Rs. 300000 via an OTP scam call. Transaction traced to unknown account.,Under Investigation,IT Act 66
FIR-2025-00087,2026-05-10,Whitefield PS,Bengaluru Urban,Robbery,Koramangala,Armed robbery reported at the bus stand in Koramangala. Cash and valuables worth Rs. 75000 taken.,Under Investigation,IPC 392
FIR-2025-00088,2025-04-20,Devaraja PS,Mysuru,Assault,Lashkar Mohalla,Physical altercation reported near a shopping complex in Lashkar Mohalla. Complainant sustained minor injuries.,Open,IPC 323
FIR-2025-00089,2025-08-20,Dharwad PS,Hubballi-Dharwad,Cybercrime,Gokul Road,Complainant reported online fraud of Rs. 300000 via a fake UPI payment link. Transaction traced to unknown account.,Open,IT Act 66
FIR-2025-00090,2026-03-21,Jayanagar PS,Bengaluru Urban,Theft,Whitefield,Complainant reported theft of a bicycle from the bus stand in Whitefield. Estimated value Rs. 75000.,Closed,IPC 379
FIR-2025-00091,2025-07-03,Lashkar PS,Mysuru,Assault,Devaraja Mohalla,Physical altercation reported near a shopping complex in Devaraja Mohalla. Complainant sustained minor injuries.,Under Investigation,IPC 323
FIR-2025-00092,2026-01-29,VV Puram PS,Mysuru,Fraud,Kuvempunagar,Complainant defrauded of Rs. 150000 in a real-estate advance scheme operating in Kuvempunagar.,Closed,IPC 420
FIR-2025-00093,2026-02-11,Jayanagar PS,Bengaluru Urban,Burglary,Malleshwaram,House break-in reported in Malleshwaram during night hours. Jewellery and cash worth Rs. 25000 stolen.,Open,IPC 457
FIR-2025-00094,2025-09-10,VV Puram PS,Mysuru,Assault,Kuvempunagar,Physical altercation reported near the bus stand in Kuvempunagar. Complainant sustained minor injuries.,Under Investigation,IPC 323
FIR-2025-00095,2026-01-04,Jayanagar PS,Bengaluru Urban,Vehicle Theft,Whitefield,"Two-wheeler bearing registration KA-29-GK-1430 stolen from parking area near a shopping complex, Whitefield.",Open,IPC 379A
FIR-2025-00096,2026-01-30,Devaraja PS,Mysuru,Robbery,Kuvempunagar,Armed robbery reported at a residential building in Kuvempunagar. Cash and valuables worth Rs. 40000 taken.,Open,IPC 392
FIR-2025-00097,2025-06-21,Whitefield PS,Bengaluru Urban,Cybercrime,MG Road,Complainant reported online fraud of Rs. 25000 via a phishing email. Transaction traced to unknown account.,Under Investigation,IT Act 66
FIR-2025-00098,2025-01-07,Whitefield PS,Bengaluru Urban,Theft,Jayanagar 4th Block,Complainant reported theft of cash from the railway station in Jayanagar 4th Block. Estimated value Rs. 40000.,Under Investigation,IPC 379
FIR-2025-00099,2025-07-01,Dharwad PS,Hubballi-Dharwad,Theft,Old Hubballi,Complainant reported theft of cash from the market in Old Hubballi. Estimated value Rs. 150000.,Under Investigation,IPC 379
FIR-2025-00100,2025-01-28,Dharwad PS,Hubballi-Dharwad,Theft,Gokul Road,Complainant reported theft of a laptop from a residential building in Gokul Road. Estimated value Rs. 300000.,Under Investigation,IPC 379
FIR-2025-00101,2026-03-10,Whitefield PS,Bengaluru Urban,Robbery,Koramangala,Armed robbery reported at a residential building in Koramangala. Cash and valuables worth Rs. 75000 taken.,Closed,IPC 392
FIR-2025-00102,2025-04-22,Mangaluru North PS,Mangaluru,Robbery,Hampankatta,Armed robbery reported at a shopping complex in Hampankatta. Cash and valuables worth Rs. 150000 taken.,Open,IPC 392
FIR-2025-00103,2025-08-15,Whitefield PS,Bengaluru Urban,Cybercrime,Malleshwaram,Complainant reported online fraud of Rs. 40000 via an OTP scam call. Transaction traced to unknown account.,Under Investigation,IT Act 66
FIR-2025-00104,2025-12-23,Dharwad PS,Hubballi-Dharwad,Theft,Gokul Road,Complainant reported theft of cash from a residential building in Gokul Road. Estimated value Rs. 300000.,Closed,IPC 379
FIR-2025-00105,2025-04-28,Cubbon Park PS,Bengaluru Urban,Theft,MG Road,Complainant reported theft of cash from a parking lot in MG Road. Estimated value Rs. 5000.,Under Investigation,IPC 379
FIR-2025-00106,2025-07-08,Hubballi City PS,Hubballi-Dharwad,Theft,Dharwad Market,Complainant reported theft of gold ornaments from a residential building in Dharwad Market. Estimated value Rs. 5000.,Closed,IPC 379
FIR-2025-00107,2025-04-15,Yeshwanthpur PS,Bengaluru Urban,Burglary,MG Road,House break-in reported in MG Road during night hours. Jewellery and cash worth Rs. 25000 stolen.,Closed,IPC 457
FIR-2025-00108,2025-04-27,Jayanagar PS,Bengaluru Urban,Assault,Whitefield,Physical altercation reported near a residential building in Whitefield. Complainant sustained minor injuries.,Open,IPC 323
FIR-2025-00109,2025-05-25,Yeshwanthpur PS,Bengaluru Urban,Theft,Koramangala,Complainant reported theft of gold ornaments from a residential building in Koramangala. Estimated value Rs. 75000.,Under Investigation,IPC 379
FIR-2025-00110,2026-05-17,Lashkar PS,Mysuru,Chain Snatching,Lashkar Mohalla,"Gold chain snatched from complainant by two persons on a motorcycle near a shopping complex, Lashkar Mohalla.",Open,IPC 356
FIR-2025-00111,2026-02-23,Panambur PS,Mangaluru,Chain Snatching,Surathkal,"Gold chain snatched from complainant by two persons on a motorcycle near a residential building, Surathkal.",Open,IPC 356
FIR-2025-00112,2026-04-14,Yeshwanthpur PS,Bengaluru Urban,Cybercrime,Indiranagar,Complainant reported online fraud of Rs. 75000 via a fake UPI payment link. Transaction traced to unknown account.,Under Investigation,IT Act 66
FIR-2025-00113,2025-11-01,Hubballi City PS,Hubballi-Dharwad,Theft,Gokul Road,Complainant reported theft of gold ornaments from the market in Gokul Road. Estimated value Rs. 25000.,Closed,IPC 379
FIR-2025-00114,2025-06-19,VV Puram PS,Mysuru,Assault,Hebbal Industrial Area,Physical altercation reported near a shopping complex in Hebbal Industrial Area. Complainant sustained minor injuries.,Open,IPC 323
FIR-2025-00115,2026-06-11,Hubballi City PS,Hubballi-Dharwad,Assault,Old Hubballi,Physical altercation reported near a residential building in Old Hubballi. Complainant sustained minor injuries.,Closed,IPC 323
FIR-2025-00116,2026-05-17,Mangaluru North PS,Mangaluru,Burglary,Surathkal,House break-in reported in Surathkal during night hours. Jewellery and cash worth Rs. 25000 stolen.,Under Investigation,IPC 457
FIR-2025-00117,2026-04-11,Whitefield PS,Bengaluru Urban,Vehicle Theft,Jayanagar 4th Block,"Two-wheeler bearing registration KA-41-FK-9756 stolen from parking area near the railway station, Jayanagar 4th Block.",Under Investigation,IPC 379A
FIR-2025-00118,2025-10-02,Dharwad PS,Hubballi-Dharwad,Fraud,Dharwad Market,Complainant defrauded of Rs. 75000 in a loan processing fee scheme operating in Dharwad Market.,Open,IPC 420
FIR-2025-00119,2025-06-11,Kadri PS,Mangaluru,Cybercrime,Hampankatta,Complainant reported online fraud of Rs. 40000 via an OTP scam call. Transaction traced to unknown account.,Open,IT Act 66
FIR-2025-00120,2025-06-19,Cubbon Park PS,Bengaluru Urban,Theft,Koramangala,Complainant reported theft of gold ornaments from a parking lot in Koramangala. Estimated value Rs. 25000.,Open,IPC 379
FIR-2025-00121,2026-04-01,Cubbon Park PS,Bengaluru Urban,Robbery,Malleshwaram,Armed robbery reported at a parking lot in Malleshwaram. Cash and valuables worth Rs. 25000 taken.,Open,IPC 392
FIR-2025-00122,2025-11-17,Jayanagar PS,Bengaluru Urban,Fraud,MG Road,Complainant defrauded of Rs. 40000 in a fake investment scheme operating in MG Road.,Under Investigation,IPC 420
FIR-2025-00123,2026-03-30,Indiranagar PS,Bengaluru Urban,Burglary,Whitefield,House break-in reported in Whitefield during night hours. Jewellery and cash worth Rs. 12000 stolen.,Open,IPC 457
FIR-2025-00124,2025-01-28,VV Puram PS,Mysuru,Theft,Kuvempunagar,Complainant reported theft of cash from a shopping complex in Kuvempunagar. Estimated value Rs. 75000.,Under Investigation,IPC 379
FIR-2025-00125,2026-06-25,Cubbon Park PS,Bengaluru Urban,Robbery,MG Road,Armed robbery reported at the market in MG Road. Cash and valuables worth Rs. 12000 taken.,Open,IPC 392
FIR-2025-00126,2025-03-03,Whitefield PS,Bengaluru Urban,Theft,MG Road,Complainant reported theft of a bicycle from the market in MG Road. Estimated value Rs. 150000.,Under Investigation,IPC 379
FIR-2025-00127,2026-06-08,Indiranagar PS,Bengaluru Urban,Theft,MG Road,Complainant reported theft of a laptop from the railway station in MG Road. Estimated value Rs. 25000.,Open,IPC 379
FIR-2025-00128,2025-11-13,Hubballi City PS,Hubballi-Dharwad,Theft,Vidyanagar,Complainant reported theft of a mobile phone from the bus stand in Vidyanagar. Estimated value Rs. 150000.,Under Investigation,IPC 379
FIR-2025-00129,2025-05-10,Panambur PS,Mangaluru,Theft,Panambur,Complainant reported theft of cash from a parking lot in Panambur. Estimated value Rs. 5000.,Open,IPC 379
FIR-2025-00130,2026-05-24,Kadri PS,Mangaluru,Cybercrime,Hampankatta,Complainant reported online fraud of Rs. 5000 via a phishing email. Transaction traced to unknown account.,Closed,IT Act 66
FIR-2025-00131,2025-02-15,Devaraja PS,Mysuru,Theft,Devaraja Mohalla,Complainant reported theft of a laptop from the bus stand in Devaraja Mohalla. Estimated value Rs. 40000.,Under Investigation,IPC 379
FIR-2025-00132,2025-08-18,Dharwad PS,Hubballi-Dharwad,Burglary,Dharwad Market,House break-in reported in Dharwad Market during night hours. Jewellery and cash worth Rs. 150000 stolen.,Under Investigation,IPC 457
FIR-2025-00133,2026-02-15,Hubballi City PS,Hubballi-Dharwad,Theft,Vidyanagar,Complainant reported theft of gold ornaments from the market in Vidyanagar. Estimated value Rs. 300000.,Open,IPC 379
FIR-2025-00134,2026-04-21,Lashkar PS,Mysuru,Assault,Lashkar Mohalla,Physical altercation reported near a residential building in Lashkar Mohalla. Complainant sustained minor injuries.,Open,IPC 323
FIR-2025-00135,2025-12-10,Cubbon Park PS,Bengaluru Urban,Fraud,MG Road,Complainant defrauded of Rs. 150000 in a chit fund scheme operating in MG Road.,Closed,IPC 420
FIR-2025-00136,2025-04-06,Hubballi City PS,Hubballi-Dharwad,Theft,Old Hubballi,Complainant reported theft of a laptop from the railway station in Old Hubballi. Estimated value Rs. 40000.,Open,IPC 379
FIR-2025-00137,2026-03-22,Panambur PS,Mangaluru,Theft,Hampankatta,Complainant reported theft of a laptop from a shopping complex in Hampankatta. Estimated value Rs. 25000.,Under Investigation,IPC 379
FIR-2025-00138,2025-04-22,Indiranagar PS,Bengaluru Urban,Vehicle Theft,Indiranagar,"Two-wheeler bearing registration KA-27-BP-4401 stolen from parking area near a shopping complex, Indiranagar.",Under Investigation,IPC 379A
FIR-2025-00139,2025-06-11,Jayanagar PS,Bengaluru Urban,Fraud,MG Road,Complainant defrauded of Rs. 12000 in a fake investment scheme operating in MG Road.,Under Investigation,IPC 420
FIR-2025-00140,2025-02-01,Lashkar PS,Mysuru,Theft,Lashkar Mohalla,Complainant reported theft of gold ornaments from the railway station in Lashkar Mohalla. Estimated value Rs. 150000.,Open,IPC 379
FIR-2025-00141,2025-07-22,Kadri PS,Mangaluru,Chain Snatching,Kadri,"Gold chain snatched from complainant by two persons on a motorcycle near a parking lot, Kadri.",Open,IPC 356
FIR-2025-00142,2025-12-06,Devaraja PS,Mysuru,Fraud,Devaraja Mohalla,Complainant defrauded of Rs. 5000 in a loan processing fee scheme operating in Devaraja Mohalla.,Under Investigation,IPC 420
FIR-2025-00143,2025-10-09,Jayanagar PS,Bengaluru Urban,Assault,Indiranagar,Physical altercation reported near a shopping complex in Indiranagar. Complainant sustained minor injuries.,Open,IPC 323
FIR-2025-00144,2026-06-23,Indiranagar PS,Bengaluru Urban,Assault,Koramangala,Physical altercation reported near the bus stand in Koramangala. Complainant sustained minor injuries.,Under Investigation,IPC 323
FIR-2025-00145,2025-08-13,Cubbon Park PS,Bengaluru Urban,Theft,Malleshwaram,Complainant reported theft of cash from the bus stand in Malleshwaram. Estimated value Rs. 300000.,Open,IPC 379
FIR-2025-00146,2025-02-27,Indiranagar PS,Bengaluru Urban,Cybercrime,Koramangala,Complainant reported online fraud of Rs. 25000 via an OTP scam call. Transaction traced to unknown account.,Closed,IT Act 66
FIR-2025-00147,2025-07-12,Whitefield PS,Bengaluru Urban,Cybercrime,Indiranagar,Complainant reported online fraud of Rs. 12000 via a phishing email. Transaction traced to unknown account.,Open,IT Act 66
FIR-2025-00148,2025-07-26,Indiranagar PS,Bengaluru Urban,Assault,Malleshwaram,Physical altercation reported near a parking lot in Malleshwaram. Complainant sustained minor injuries.,Closed,IPC 323
FIR-2025-00149,2026-02-10,Hubballi City PS,Hubballi-Dharwad,Chain Snatching,Old Hubballi,"Gold chain snatched from complainant by two persons on a motorcycle near the market, Old Hubballi.",Open,IPC 356
FIR-2025-00150,2025-08-17,Hubballi City PS,Hubballi-Dharwad,Burglary,Old Hubballi,House break-in reported in Old Hubballi during night hours. Jewellery and cash worth Rs. 150000 stolen.,Open,IPC 457
FIR-2025-00151,2025-08-15,Yeshwanthpur PS,Bengaluru Urban,Fraud,Malleshwaram,Complainant defrauded of Rs. 12000 in a chit fund scheme operating in Malleshwaram.,Under Investigation,IPC 420
FIR-2025-00152,2026-04-03,Hubballi City PS,Hubballi-Dharwad,Fraud,Old Hubballi,Complainant defrauded of Rs. 12000 in a real-estate advance scheme operating in Old Hubballi.,Under Investigation,IPC 420
FIR-2025-00153,2026-05-20,Kadri PS,Mangaluru,Chain Snatching,Surathkal,"Gold chain snatched from complainant by two persons on a motorcycle near the railway station, Surathkal.",Open,IPC 356
FIR-2025-00154,2025-09-25,Mangaluru North PS,Mangaluru,Assault,Panambur,Physical altercation reported near the market in Panambur. Complainant sustained minor injuries.,Under Investigation,IPC 323
FIR-2025-00155,2026-03-18,VV Puram PS,Mysuru,Cybercrime,Devaraja Mohalla,Complainant reported online fraud of Rs. 40000 via an OTP scam call. Transaction traced to unknown account.,Under Investigation,IT Act 66
FIR-2025-00156,2025-10-16,Lashkar PS,Mysuru,Vehicle Theft,Kuvempunagar,"Two-wheeler bearing registration KA-10-AP-1062 stolen from parking area near the bus stand, Kuvempunagar.",Under Investigation,IPC 379A
FIR-2025-00157,2026-05-07,Indiranagar PS,Bengaluru Urban,Robbery,Malleshwaram,Armed robbery reported at the bus stand in Malleshwaram. Cash and valuables worth Rs. 12000 taken.,Closed,IPC 392
FIR-2025-00158,2025-04-04,Yeshwanthpur PS,Bengaluru Urban,Vehicle Theft,Jayanagar 4th Block,"Two-wheeler bearing registration KA-12-HJ-5313 stolen from parking area near a shopping complex, Jayanagar 4th Block.",Under Investigation,IPC 379A
FIR-2025-00159,2025-03-05,Indiranagar PS,Bengaluru Urban,Fraud,Malleshwaram,Complainant defrauded of Rs. 150000 in a loan processing fee scheme operating in Malleshwaram.,Closed,IPC 420
FIR-2025-00160,2025-08-30,Whitefield PS,Bengaluru Urban,Cybercrime,Whitefield,Complainant reported online fraud of Rs. 40000 via a fake UPI payment link. Transaction traced to unknown account.,Closed,IT Act 66
FIR-2025-00161,2025-03-22,Panambur PS,Mangaluru,Theft,Surathkal,Complainant reported theft of gold ornaments from a shopping complex in Surathkal. Estimated value Rs. 300000.,Under Investigation,IPC 379
FIR-2025-00162,2025-01-13,VV Puram PS,Mysuru,Fraud,Hebbal Industrial Area,Complainant defrauded of Rs. 75000 in a chit fund scheme operating in Hebbal Industrial Area.,Closed,IPC 420
FIR-2025-00163,2025-12-19,Lashkar PS,Mysuru,Theft,Kuvempunagar,Complainant reported theft of cash from a residential building in Kuvempunagar. Estimated value Rs. 150000.,Open,IPC 379
FIR-2025-00164,2026-02-10,Lashkar PS,Mysuru,Burglary,Devaraja Mohalla,House break-in reported in Devaraja Mohalla during night hours. Jewellery and cash worth Rs. 150000 stolen.,Closed,IPC 457
FIR-2025-00165,2025-04-11,Indiranagar PS,Bengaluru Urban,Assault,Whitefield,Physical altercation reported near the market in Whitefield. Complainant sustained minor injuries.,Under Investigation,IPC 323
FIR-2025-00166,2026-06-13,Dharwad PS,Hubballi-Dharwad,Assault,Dharwad Market,Physical altercation reported near the railway station in Dharwad Market. Complainant sustained minor injuries.,Closed,IPC 323
FIR-2025-00167,2025-03-01,Indiranagar PS,Bengaluru Urban,Theft,Indiranagar,Complainant reported theft of a mobile phone from a residential building in Indiranagar. Estimated value Rs. 5000.,Under Investigation,IPC 379
FIR-2025-00168,2026-01-17,Dharwad PS,Hubballi-Dharwad,Burglary,Gokul Road,House break-in reported in Gokul Road during night hours. Jewellery and cash worth Rs. 12000 stolen.,Open,IPC 457
FIR-2025-00169,2025-08-08,Indiranagar PS,Bengaluru Urban,Theft,Malleshwaram,Complainant reported theft of a laptop from a parking lot in Malleshwaram. Estimated value Rs. 12000.,Closed,IPC 379
FIR-2025-00170,2025-08-18,Lashkar PS,Mysuru,Robbery,Devaraja Mohalla,Armed robbery reported at the market in Devaraja Mohalla. Cash and valuables worth Rs. 150000 taken.,Open,IPC 392
FIR-2025-00171,2026-02-11,Yeshwanthpur PS,Bengaluru Urban,Robbery,Malleshwaram,Armed robbery reported at the bus stand in Malleshwaram. Cash and valuables worth Rs. 75000 taken.,Under Investigation,IPC 392
FIR-2025-00172,2025-09-25,Jayanagar PS,Bengaluru Urban,Assault,Jayanagar 4th Block,Physical altercation reported near a shopping complex in Jayanagar 4th Block. Complainant sustained minor injuries.,Closed,IPC 323
FIR-2025-00173,2026-03-05,Lashkar PS,Mysuru,Chain Snatching,Kuvempunagar,"Gold chain snatched from complainant by two persons on a motorcycle near a parking lot, Kuvempunagar.",Under Investigation,IPC 356
FIR-2025-00174,2025-10-28,Mangaluru North PS,Mangaluru,Fraud,Kadri,Complainant defrauded of Rs. 150000 in a fake investment scheme operating in Kadri.,Under Investigation,IPC 420
FIR-2025-00175,2026-01-16,Kadri PS,Mangaluru,Assault,Panambur,Physical altercation reported near the market in Panambur. Complainant sustained minor injuries.,Under Investigation,IPC 323
FIR-2025-00176,2026-02-28,Hubballi City PS,Hubballi-Dharwad,Assault,Old Hubballi,Physical altercation reported near a shopping complex in Old Hubballi. Complainant sustained minor injuries.,Closed,IPC 323
FIR-2025-00177,2025-07-01,Jayanagar PS,Bengaluru Urban,Theft,Jayanagar 4th Block,Complainant reported theft of a mobile phone from the bus stand in Jayanagar 4th Block. Estimated value Rs. 40000.,Closed,IPC 379
FIR-2025-00178,2026-03-16,Kadri PS,Mangaluru,Theft,Surathkal,Complainant reported theft of gold ornaments from a residential building in Surathkal. Estimated value Rs. 40000.,Closed,IPC 379
FIR-2025-00179,2025-01-05,Panambur PS,Mangaluru,Cybercrime,Hampankatta,Complainant reported online fraud of Rs. 150000 via a fraudulent job portal. Transaction traced to unknown account.,Under Investigation,IT Act 66
FIR-2025-00180,2025-10-25,Whitefield PS,Bengaluru Urban,Fraud,Jayanagar 4th Block,Complainant defrauded of Rs. 75000 in a loan processing fee scheme operating in Jayanagar 4th Block.,Under Investigation,IPC 420
FIR-2025-00181,2025-01-20,Indiranagar PS,Bengaluru Urban,Vehicle Theft,Whitefield,"Two-wheeler bearing registration KA-38-CK-7006 stolen from parking area near a parking lot, Whitefield.",Closed,IPC 379A
FIR-2025-00182,2025-02-19,Panambur PS,Mangaluru,Assault,Panambur,Physical altercation reported near a parking lot in Panambur. Complainant sustained minor injuries.,Under Investigation,IPC 323
FIR-2025-00183,2025-07-30,VV Puram PS,Mysuru,Cybercrime,Lashkar Mohalla,Complainant reported online fraud of Rs. 40000 via a fake UPI payment link. Transaction traced to unknown account.,Under Investigation,IT Act 66
FIR-2025-00184,2026-05-25,Devaraja PS,Mysuru,Assault,Devaraja Mohalla,Physical altercation reported near a shopping complex in Devaraja Mohalla. Complainant sustained minor injuries.,Open,IPC 323
FIR-2025-00185,2025-12-05,Indiranagar PS,Bengaluru Urban,Theft,Whitefield,Complainant reported theft of a mobile phone from the bus stand in Whitefield. Estimated value Rs. 150000.,Closed,IPC 379
FIR-2025-00186,2025-08-25,Whitefield PS,Bengaluru Urban,Burglary,Jayanagar 4th Block,House break-in reported in Jayanagar 4th Block during night hours. Jewellery and cash worth Rs. 40000 stolen.,Under Investigation,IPC 457
FIR-2025-00187,2025-04-08,Devaraja PS,Mysuru,Assault,Devaraja Mohalla,Physical altercation reported near a shopping complex in Devaraja Mohalla. Complainant sustained minor injuries.,Under Investigation,IPC 323
FIR-2025-00188,2026-04-13,Jayanagar PS,Bengaluru Urban,Theft,Whitefield,Complainant reported theft of gold ornaments from a parking lot in Whitefield. Estimated value Rs. 300000.,Under Investigation,IPC 379
FIR-2025-00189,2025-04-17,Whitefield PS,Bengaluru Urban,Vehicle Theft,Indiranagar,"Two-wheeler bearing registration KA-40-GP-1472 stolen from parking area near a residential building, Indiranagar.",Closed,IPC 379A
FIR-2025-00190,2026-05-10,Dharwad PS,Hubballi-Dharwad,Burglary,Gokul Road,House break-in reported in Gokul Road during night hours. Jewellery and cash worth Rs. 40000 stolen.,Closed,IPC 457
FIR-2025-00191,2026-06-16,VV Puram PS,Mysuru,Cybercrime,Kuvempunagar,Complainant reported online fraud of Rs. 40000 via an OTP scam call. Transaction traced to unknown account.,Open,IT Act 66
FIR-2025-00192,2026-05-23,Hubballi City PS,Hubballi-Dharwad,Cybercrime,Dharwad Market,Complainant reported online fraud of Rs. 25000 via an OTP scam call. Transaction traced to unknown account.,Under Investigation,IT Act 66
FIR-2025-00193,2026-04-04,Cubbon Park PS,Bengaluru Urban,Cybercrime,Malleshwaram,Complainant reported online fraud of Rs. 25000 via a fake UPI payment link. Transaction traced to unknown account.,Under Investigation,IT Act 66
FIR-2025-00194,2025-11-08,VV Puram PS,Mysuru,Theft,Devaraja Mohalla,Complainant reported theft of a bicycle from a shopping complex in Devaraja Mohalla. Estimated value Rs. 150000.,Under Investigation,IPC 379
FIR-2025-00195,2026-04-09,Mangaluru North PS,Mangaluru,Robbery,Panambur,Armed robbery reported at a parking lot in Panambur. Cash and valuables worth Rs. 12000 taken.,Open,IPC 392
FIR-2025-00196,2026-02-24,Cubbon Park PS,Bengaluru Urban,Theft,Koramangala,Complainant reported theft of cash from the railway station in Koramangala. Estimated value Rs. 12000.,Closed,IPC 379
FIR-2025-00197,2025-02-17,Yeshwanthpur PS,Bengaluru Urban,Assault,Whitefield,Physical altercation reported near a residential building in Whitefield. Complainant sustained minor injuries.,Closed,IPC 323
FIR-2025-00198,2025-05-12,Mangaluru North PS,Mangaluru,Vehicle Theft,Kadri,"Two-wheeler bearing registration KA-27-DN-7518 stolen from parking area near a parking lot, Kadri.",Closed,IPC 379A
FIR-2025-00199,2025-05-22,Dharwad PS,Hubballi-Dharwad,Cybercrime,Gokul Road,Complainant reported online fraud of Rs. 150000 via a fraudulent job portal. Transaction traced to unknown account.,Under Investigation,IT Act 66
FIR-2025-00200,2025-05-16,Indiranagar PS,Bengaluru Urban,Assault,Koramangala,Physical altercation reported near the railway station in Koramangala. Complainant sustained minor injuries.,Under Investigation,IPC 323
FIR-2025-00201,2025-01-14,Hubballi City PS,Hubballi-Dharwad,Cybercrime,Dharwad Market,Complainant reported online fraud of Rs. 12000 via a fake UPI payment link. Transaction traced to unknown account.,Under Investigation,IT Act 66
FIR-2025-00202,2025-07-28,Yeshwanthpur PS,Bengaluru Urban,Theft,Jayanagar 4th Block,Complainant reported theft of a mobile phone from the market in Jayanagar 4th Block. Estimated value Rs. 300000.,Under Investigation,IPC 379
FIR-2025-00203,2026-01-26,Kadri PS,Mangaluru,Burglary,Hampankatta,House break-in reported in Hampankatta during night hours. Jewellery and cash worth Rs. 25000 stolen.,Closed,IPC 457
FIR-2025-00204,2025-07-21,Hubballi City PS,Hubballi-Dharwad,Burglary,Old Hubballi,House break-in reported in Old Hubballi during night hours. Jewellery and cash worth Rs. 12000 stolen.,Under Investigation,IPC 457
FIR-2025-00205,2025-01-06,Lashkar PS,Mysuru,Theft,Kuvempunagar,Complainant reported theft of gold ornaments from a parking lot in Kuvempunagar. Estimated value Rs. 12000.,Under Investigation,IPC 379
FIR-2025-00206,2026-06-23,Devaraja PS,Mysuru,Assault,Kuvempunagar,Physical altercation reported near the railway station in Kuvempunagar. Complainant sustained minor injuries.,Open,IPC 323
FIR-2025-00207,2025-10-28,Indiranagar PS,Bengaluru Urban,Assault,Jayanagar 4th Block,Physical altercation reported near the railway station in Jayanagar 4th Block. Complainant sustained minor injuries.,Closed,IPC 323
FIR-2025-00208,2025-11-25,Lashkar PS,Mysuru,Robbery,Devaraja Mohalla,Armed robbery reported at a residential building in Devaraja Mohalla. Cash and valuables worth Rs. 25000 taken.,Open,IPC 392
FIR-2025-00209,2025-04-09,Hubballi City PS,Hubballi-Dharwad,Theft,Vidyanagar,Complainant reported theft of a bicycle from the railway station in Vidyanagar. Estimated value Rs. 5000.,Open,IPC 379
FIR-2025-00210,2025-03-15,Panambur PS,Mangaluru,Vehicle Theft,Surathkal,"Two-wheeler bearing registration KA-06-BJ-3916 stolen from parking area near the bus stand, Surathkal.",Closed,IPC 379A
FIR-2025-00211,2025-09-22,Lashkar PS,Mysuru,Cybercrime,Lashkar Mohalla,Complainant reported online fraud of Rs. 150000 via a phishing email. Transaction traced to unknown account.,Under Investigation,IT Act 66
FIR-2025-00212,2025-03-16,Lashkar PS,Mysuru,Robbery,Devaraja Mohalla,Armed robbery reported at the bus stand in Devaraja Mohalla. Cash and valuables worth Rs. 25000 taken.,Closed,IPC 392
FIR-2025-00213,2025-05-20,Whitefield PS,Bengaluru Urban,Theft,Indiranagar,Complainant reported theft of a bicycle from the market in Indiranagar. Estimated value Rs. 150000.,Open,IPC 379
FIR-2025-00214,2025-03-29,Jayanagar PS,Bengaluru Urban,Robbery,Malleshwaram,Armed robbery reported at a parking lot in Malleshwaram. Cash and valuables worth Rs. 150000 taken.,Open,IPC 392
FIR-2025-00215,2025-02-25,Panambur PS,Mangaluru,Theft,Kadri,Complainant reported theft of gold ornaments from a parking lot in Kadri. Estimated value Rs. 75000.,Open,IPC 379
FIR-2025-00216,2025-05-12,VV Puram PS,Mysuru,Chain Snatching,Kuvempunagar,"Gold chain snatched from complainant by two persons on a motorcycle near the bus stand, Kuvempunagar.",Under Investigation,IPC 356
FIR-2025-00217,2026-01-09,Jayanagar PS,Bengaluru Urban,Robbery,Malleshwaram,Armed robbery reported at a shopping complex in Malleshwaram. Cash and valuables worth Rs. 5000 taken.,Closed,IPC 392
FIR-2025-00218,2026-04-19,Whitefield PS,Bengaluru Urban,Burglary,Whitefield,House break-in reported in Whitefield during night hours. Jewellery and cash worth Rs. 40000 stolen.,Closed,IPC 457
FIR-2025-00219,2025-03-20,Cubbon Park PS,Bengaluru Urban,Burglary,Koramangala,House break-in reported in Koramangala during night hours. Jewellery and cash worth Rs. 150000 stolen.,Under Investigation,IPC 457
FIR-2025-00220,2026-01-10,Dharwad PS,Hubballi-Dharwad,Cybercrime,Gokul Road,Complainant reported online fraud of Rs. 150000 via a fraudulent job portal. Transaction traced to unknown account.,Under Investigation,IT Act 66
FIR-2025-00221,2026-06-11,Devaraja PS,Mysuru,Fraud,Lashkar Mohalla,Complainant defrauded of Rs. 12000 in a loan processing fee scheme operating in Lashkar Mohalla.,Open,IPC 420
FIR-2025-00222,2025-07-31,Yeshwanthpur PS,Bengaluru Urban,Theft,Koramangala,Complainant reported theft of cash from a residential building in Koramangala. Estimated value Rs. 40000.,Under Investigation,IPC 379
FIR-2025-00223,2025-06-28,Whitefield PS,Bengaluru Urban,Burglary,Malleshwaram,House break-in reported in Malleshwaram during night hours. Jewellery and cash worth Rs. 75000 stolen.,Closed,IPC 457
FIR-2025-00224,2025-01-07,Yeshwanthpur PS,Bengaluru Urban,Fraud,Malleshwaram,Complainant defrauded of Rs. 12000 in a chit fund scheme operating in Malleshwaram.,Open,IPC 420
FIR-2025-00225,2025-08-24,Whitefield PS,Bengaluru Urban,Burglary,MG Road,House break-in reported in MG Road during night hours. Jewellery and cash worth Rs. 5000 stolen.,Open,IPC 457
FIR-2025-00226,2025-05-18,Yeshwanthpur PS,Bengaluru Urban,Cybercrime,Indiranagar,Complainant reported online fraud of Rs. 12000 via a fake UPI payment link. Transaction traced to unknown account.,Closed,IT Act 66
FIR-2025-00227,2025-08-10,Kadri PS,Mangaluru,Fraud,Hampankatta,Complainant defrauded of Rs. 300000 in a fake investment scheme operating in Hampankatta.,Under Investigation,IPC 420
FIR-2025-00228,2026-04-10,VV Puram PS,Mysuru,Theft,Kuvempunagar,Complainant reported theft of a bicycle from the bus stand in Kuvempunagar. Estimated value Rs. 12000.,Under Investigation,IPC 379
FIR-2025-00229,2025-04-09,Hubballi City PS,Hubballi-Dharwad,Burglary,Gokul Road,House break-in reported in Gokul Road during night hours. Jewellery and cash worth Rs. 75000 stolen.,Closed,IPC 457
FIR-2025-00230,2026-06-19,Dharwad PS,Hubballi-Dharwad,Burglary,Dharwad Market,House break-in reported in Dharwad Market during night hours. Jewellery and cash worth Rs. 150000 stolen.,Under Investigation,IPC 457
FIR-2025-00231,2026-03-12,Mangaluru North PS,Mangaluru,Burglary,Hampankatta,House break-in reported in Hampankatta during night hours. Jewellery and cash worth Rs. 300000 stolen.,Open,IPC 457
FIR-2025-00232,2026-06-17,Mangaluru North PS,Mangaluru,Theft,Hampankatta,Complainant reported theft of gold ornaments from a parking lot in Hampankatta. Estimated value Rs. 12000.,Under Investigation,IPC 379
FIR-2025-00233,2026-01-10,Yeshwanthpur PS,Bengaluru Urban,Fraud,Whitefield,Complainant defrauded of Rs. 40000 in a loan processing fee scheme operating in Whitefield.,Under Investigation,IPC 420
FIR-2025-00234,2025-12-19,Whitefield PS,Bengaluru Urban,Chain Snatching,Malleshwaram,"Gold chain snatched from complainant by two persons on a motorcycle near a parking lot, Malleshwaram.",Under Investigation,IPC 356
FIR-2025-00235,2025-06-14,Kadri PS,Mangaluru,Fraud,Hampankatta,Complainant defrauded of Rs. 300000 in a loan processing fee scheme operating in Hampankatta.,Open,IPC 420
FIR-2025-00236,2026-01-29,Whitefield PS,Bengaluru Urban,Robbery,Koramangala,Armed robbery reported at a parking lot in Koramangala. Cash and valuables worth Rs. 75000 taken.,Open,IPC 392
FIR-2025-00237,2025-07-19,Hubballi City PS,Hubballi-Dharwad,Vehicle Theft,Old Hubballi,"Two-wheeler bearing registration KA-44-AP-4919 stolen from parking area near the railway station, Old Hubballi.",Under Investigation,IPC 379A
FIR-2025-00238,2026-02-14,Dharwad PS,Hubballi-Dharwad,Theft,Old Hubballi,Complainant reported theft of gold ornaments from a residential building in Old Hubballi. Estimated value Rs. 75000.,Closed,IPC 379
FIR-2025-00239,2025-10-11,Devaraja PS,Mysuru,Robbery,Kuvempunagar,Armed robbery reported at a shopping complex in Kuvempunagar. Cash and valuables worth Rs. 40000 taken.,Open,IPC 392
FIR-2025-00240,2026-06-10,Jayanagar PS,Bengaluru Urban,Assault,MG Road,Physical altercation reported near the railway station in MG Road. Complainant sustained minor injuries.,Closed,IPC 323
FIR-2025-00241,2025-01-29,Whitefield PS,Bengaluru Urban,Cybercrime,Malleshwaram,Complainant reported online fraud of Rs. 5000 via a phishing email. Transaction traced to unknown account.,Closed,IT Act 66
FIR-2025-00242,2025-09-12,Lashkar PS,Mysuru,Theft,Kuvempunagar,Complainant reported theft of a mobile phone from a residential building in Kuvempunagar. Estimated value Rs. 150000.,Under Investigation,IPC 379
FIR-2025-00243,2026-05-26,Hubballi City PS,Hubballi-Dharwad,Theft,Gokul Road,Complainant reported theft of a laptop from a parking lot in Gokul Road. Estimated value Rs. 12000.,Open,IPC 379
FIR-2025-00244,2026-05-20,Yeshwanthpur PS,Bengaluru Urban,Vehicle Theft,Koramangala,"Two-wheeler bearing registration KA-40-FR-5501 stolen from parking area near the railway station, Koramangala.",Under Investigation,IPC 379A
FIR-2025-00245,2026-02-12,Hubballi City PS,Hubballi-Dharwad,Vehicle Theft,Old Hubballi,"Two-wheeler bearing registration KA-35-AP-7450 stolen from parking area near a shopping complex, Old Hubballi.",Closed,IPC 379A
FIR-2025-00246,2026-06-15,Kadri PS,Mangaluru,Cybercrime,Hampankatta,Complainant reported online fraud of Rs. 5000 via a fake UPI payment link. Transaction traced to unknown account.,Under Investigation,IT Act 66
FIR-2025-00247,2025-10-03,Whitefield PS,Bengaluru Urban,Cybercrime,Indiranagar,Complainant reported online fraud of Rs. 25000 via an OTP scam call. Transaction traced to unknown account.,Under Investigation,IT Act 66
FIR-2025-00248,2025-05-15,Yeshwanthpur PS,Bengaluru Urban,Cybercrime,Malleshwaram,Complainant reported online fraud of Rs. 150000 via a fraudulent job portal. Transaction traced to unknown account.,Open,IT Act 66
FIR-2025-00249,2025-06-30,Dharwad PS,Hubballi-Dharwad,Theft,Vidyanagar,Complainant reported theft of gold ornaments from a shopping complex in Vidyanagar. Estimated value Rs. 300000.,Open,IPC 379
FIR-2025-00250,2026-05-03,Cubbon Park PS,Bengaluru Urban,Theft,Jayanagar 4th Block,Complainant reported theft of gold ornaments from a parking lot in Jayanagar 4th Block. Estimated value Rs. 25000.,Under Investigation,IPC 379
FIR-2025-00251,2025-07-23,Yeshwanthpur PS,Bengaluru Urban,Robbery,Malleshwaram,Armed robbery reported at a parking lot in Malleshwaram. Cash and valuables worth Rs. 150000 taken.,Closed,IPC 392
FIR-2025-00252,2025-05-29,Indiranagar PS,Bengaluru Urban,Assault,Koramangala,Physical altercation reported near a residential building in Koramangala. Complainant sustained minor injuries.,Under Investigation,IPC 323
FIR-2025-00253,2025-10-05,Lashkar PS,Mysuru,Burglary,Hebbal Industrial Area,House break-in reported in Hebbal Industrial Area during night hours. Jewellery and cash worth Rs. 75000 stolen.,Closed,IPC 457
FIR-2025-00254,2025-08-04,Devaraja PS,Mysuru,Vehicle Theft,Devaraja Mohalla,"Two-wheeler bearing registration KA-36-AJ-7504 stolen from parking area near the bus stand, Devaraja Mohalla.",Under Investigation,IPC 379A
FIR-2025-00255,2025-03-28,Dharwad PS,Hubballi-Dharwad,Theft,Gokul Road,Complainant reported theft of cash from a shopping complex in Gokul Road. Estimated value Rs. 12000.,Closed,IPC 379
FIR-2025-00256,2026-05-03,Whitefield PS,Bengaluru Urban,Robbery,Jayanagar 4th Block,Armed robbery reported at the market in Jayanagar 4th Block. Cash and valuables worth Rs. 75000 taken.,Under Investigation,IPC 392
FIR-2025-00257,2026-05-09,VV Puram PS,Mysuru,Assault,Kuvempunagar,Physical altercation reported near the bus stand in Kuvempunagar. Complainant sustained minor injuries.,Open,IPC 323
FIR-2025-00258,2025-12-19,Lashkar PS,Mysuru,Burglary,Lashkar Mohalla,House break-in reported in Lashkar Mohalla during night hours. Jewellery and cash worth Rs. 5000 stolen.,Under Investigation,IPC 457
FIR-2025-00259,2026-02-26,Panambur PS,Mangaluru,Cybercrime,Kadri,Complainant reported online fraud of Rs. 12000 via an OTP scam call. Transaction traced to unknown account.,Open,IT Act 66
FIR-2025-00260,2025-10-19,VV Puram PS,Mysuru,Cybercrime,Kuvempunagar,Complainant reported online fraud of Rs. 40000 via an OTP scam call. Transaction traced to unknown account.,Under Investigation,IT Act 66
FIR-2025-00261,2025-07-12,Lashkar PS,Mysuru,Theft,Hebbal Industrial Area,Complainant reported theft of a mobile phone from a shopping complex in Hebbal Industrial Area. Estimated value Rs. 5000.,Closed,IPC 379
FIR-2025-00262,2025-01-16,Kadri PS,Mangaluru,Theft,Kadri,Complainant reported theft of a laptop from the market in Kadri. Estimated value Rs. 40000.,Open,IPC 379
FIR-2025-00263,2026-02-06,Mangaluru North PS,Mangaluru,Theft,Panambur,Complainant reported theft of a bicycle from a residential building in Panambur. Estimated value Rs. 12000.,Closed,IPC 379
FIR-2025-00264,2025-09-11,Panambur PS,Mangaluru,Assault,Surathkal,Physical altercation reported near a shopping complex in Surathkal. Complainant sustained minor injuries.,Open,IPC 323
FIR-2025-00265,2025-09-17,Kadri PS,Mangaluru,Burglary,Hampankatta,House break-in reported in Hampankatta during night hours. Jewellery and cash worth Rs. 25000 stolen.,Open,IPC 457
FIR-2025-00266,2025-09-06,Mangaluru North PS,Mangaluru,Robbery,Surathkal,Armed robbery reported at the railway station in Surathkal. Cash and valuables worth Rs. 300000 taken.,Under Investigation,IPC 392
FIR-2025-00267,2025-03-03,Lashkar PS,Mysuru,Assault,Devaraja Mohalla,Physical altercation reported near a parking lot in Devaraja Mohalla. Complainant sustained minor injuries.,Closed,IPC 323
FIR-2025-00268,2026-01-22,Jayanagar PS,Bengaluru Urban,Theft,Koramangala,Complainant reported theft of a laptop from the market in Koramangala. Estimated value Rs. 5000.,Under Investigation,IPC 379
FIR-2025-00269,2025-10-09,VV Puram PS,Mysuru,Assault,Hebbal Industrial Area,Physical altercation reported near a shopping complex in Hebbal Industrial Area. Complainant sustained minor injuries.,Open,IPC 323
FIR-2025-00270,2025-01-20,VV Puram PS,Mysuru,Assault,Lashkar Mohalla,Physical altercation reported near the railway station in Lashkar Mohalla. Complainant sustained minor injuries.,Under Investigation,IPC 323
FIR-2025-00271,2025-11-27,Kadri PS,Mangaluru,Theft,Panambur,Complainant reported theft of cash from the bus stand in Panambur. Estimated value Rs. 5000.,Open,IPC 379
FIR-2025-00272,2026-02-02,Whitefield PS,Bengaluru Urban,Theft,Malleshwaram,Complainant reported theft of a bicycle from the railway station in Malleshwaram. Estimated value Rs. 150000.,Closed,IPC 379
FIR-2025-00273,2026-04-25,Cubbon Park PS,Bengaluru Urban,Cybercrime,MG Road,Complainant reported online fraud of Rs. 150000 via a phishing email. Transaction traced to unknown account.,Open,IT Act 66
FIR-2025-00274,2026-06-16,Cubbon Park PS,Bengaluru Urban,Assault,Indiranagar,Physical altercation reported near a parking lot in Indiranagar. Complainant sustained minor injuries.,Closed,IPC 323
FIR-2025-00275,2026-03-14,Mangaluru North PS,Mangaluru,Cybercrime,Surathkal,Complainant reported online fraud of Rs. 75000 via a phishing email. Transaction traced to unknown account.,Closed,IT Act 66
FIR-2025-00276,2026-02-27,VV Puram PS,Mysuru,Chain Snatching,Kuvempunagar,"Gold chain snatched from complainant by two persons on a motorcycle near a parking lot, Kuvempunagar.",Under Investigation,IPC 356
FIR-2025-00277,2025-01-17,Yeshwanthpur PS,Bengaluru Urban,Burglary,Jayanagar 4th Block,House break-in reported in Jayanagar 4th Block during night hours. Jewellery and cash worth Rs. 5000 stolen.,Closed,IPC 457
FIR-2025-00278,2025-04-07,Devaraja PS,Mysuru,Cybercrime,Lashkar Mohalla,Complainant reported online fraud of Rs. 12000 via an OTP scam call. Transaction traced to unknown account.,Closed,IT Act 66
FIR-2025-00279,2025-03-21,Jayanagar PS,Bengaluru Urban,Assault,Indiranagar,Physical altercation reported near a shopping complex in Indiranagar. Complainant sustained minor injuries.,Closed,IPC 323
FIR-2025-00280,2026-03-03,Cubbon Park PS,Bengaluru Urban,Vehicle Theft,Whitefield,"Two-wheeler bearing registration KA-04-EJ-6231 stolen from parking area near a parking lot, Whitefield.",Under Investigation,IPC 379A
FIR-2025-00281,2025-06-06,Cubbon Park PS,Bengaluru Urban,Cybercrime,Indiranagar,Complainant reported online fraud of Rs. 300000 via a fake UPI payment link. Transaction traced to unknown account.,Open,IT Act 66
FIR-2025-00282,2026-02-13,Jayanagar PS,Bengaluru Urban,Cybercrime,MG Road,Complainant reported online fraud of Rs. 75000 via a phishing email. Transaction traced to unknown account.,Under Investigation,IT Act 66
FIR-2025-00283,2025-09-06,Devaraja PS,Mysuru,Theft,Lashkar Mohalla,Complainant reported theft of cash from a residential building in Lashkar Mohalla. Estimated value Rs. 25000.,Under Investigation,IPC 379
FIR-2025-00284,2025-11-09,Indiranagar PS,Bengaluru Urban,Robbery,MG Road,Armed robbery reported at the railway station in MG Road. Cash and valuables worth Rs. 300000 taken.,Under Investigation,IPC 392
FIR-2025-00285,2025-04-26,Cubbon Park PS,Bengaluru Urban,Burglary,MG Road,House break-in reported in MG Road during night hours. Jewellery and cash worth Rs. 12000 stolen.,Under Investigation,IPC 457
FIR-2025-00286,2025-07-28,Yeshwanthpur PS,Bengaluru Urban,Burglary,Indiranagar,House break-in reported in Indiranagar during night hours. Jewellery and cash worth Rs. 75000 stolen.,Open,IPC 457
FIR-2025-00287,2025-10-05,Cubbon Park PS,Bengaluru Urban,Assault,Koramangala,Physical altercation reported near a parking lot in Koramangala. Complainant sustained minor injuries.,Open,IPC 323
FIR-2025-00288,2026-01-25,Hubballi City PS,Hubballi-Dharwad,Robbery,Gokul Road,Armed robbery reported at a residential building in Gokul Road. Cash and valuables worth Rs. 300000 taken.,Open,IPC 392
FIR-2025-00289,2025-06-10,Devaraja PS,Mysuru,Assault,Hebbal Industrial Area,Physical altercation reported near a parking lot in Hebbal Industrial Area. Complainant sustained minor injuries.,Closed,IPC 323
FIR-2025-00290,2025-10-14,Hubballi City PS,Hubballi-Dharwad,Fraud,Vidyanagar,Complainant defrauded of Rs. 40000 in a chit fund scheme operating in Vidyanagar.,Open,IPC 420
FIR-2025-00291,2025-12-04,Whitefield PS,Bengaluru Urban,Chain Snatching,Malleshwaram,"Gold chain snatched from complainant by two persons on a motorcycle near a shopping complex, Malleshwaram.",Closed,IPC 356
FIR-2025-00292,2025-06-11,Jayanagar PS,Bengaluru Urban,Vehicle Theft,Indiranagar,"Two-wheeler bearing registration KA-21-CJ-6221 stolen from parking area near the railway station, Indiranagar.",Closed,IPC 379A
FIR-2025-00293,2025-10-08,Indiranagar PS,Bengaluru Urban,Assault,Whitefield,Physical altercation reported near the bus stand in Whitefield. Complainant sustained minor injuries.,Open,IPC 323
FIR-2025-00294,2025-05-18,Yeshwanthpur PS,Bengaluru Urban,Theft,Whitefield,Complainant reported theft of a bicycle from a residential building in Whitefield. Estimated value Rs. 150000.,Open,IPC 379
FIR-2025-00295,2025-10-04,Whitefield PS,Bengaluru Urban,Theft,MG Road,Complainant reported theft of a laptop from a parking lot in MG Road. Estimated value Rs. 150000.,Under Investigation,IPC 379
FIR-2025-00296,2026-02-19,Hubballi City PS,Hubballi-Dharwad,Vehicle Theft,Dharwad Market,"Two-wheeler bearing registration KA-26-AK-8399 stolen from parking area near a parking lot, Dharwad Market.",Under Investigation,IPC 379A
FIR-2025-00297,2026-06-16,Dharwad PS,Hubballi-Dharwad,Vehicle Theft,Gokul Road,"Two-wheeler bearing registration KA-19-HQ-5989 stolen from parking area near the railway station, Gokul Road.",Closed,IPC 379A
FIR-2025-00298,2025-02-25,Yeshwanthpur PS,Bengaluru Urban,Theft,Jayanagar 4th Block,Complainant reported theft of a laptop from a residential building in Jayanagar 4th Block. Estimated value Rs. 300000.,Open,IPC 379
FIR-2025-00299,2026-04-10,Yeshwanthpur PS,Bengaluru Urban,Cybercrime,Indiranagar,Complainant reported online fraud of Rs. 5000 via a fraudulent job portal. Transaction traced to unknown account.,Open,IT Act 66
FIR-2025-00300,2026-01-29,Yeshwanthpur PS,Bengaluru Urban,Assault,Malleshwaram,Physical altercation reported near a shopping complex in Malleshwaram. Complainant sustained minor injuries.,Open,IPC 323
FIR-2026-00301,2026-03-06,Jayanagar PS,Bengaluru Urban,Burglary,MG Road,House break-in reported in MG Road during night hours. Jewellery and cash worth Rs. 300000 stolen.,Closed,IPC 457
FIR-2026-00302,2026-04-15,Whitefield PS,Bengaluru Urban,Burglary,MG Road,House break-in reported in MG Road during night hours. Jewellery and cash worth Rs. 300000 stolen.,Under Investigation,IPC 457
FIR-2026-00303,2025-10-12,Yeshwanthpur PS,Bengaluru Urban,Robbery,Indiranagar,Armed robbery reported at a shopping complex in Indiranagar. Cash and valuables worth Rs. 5000 taken.,Closed,IPC 392
FIR-2026-00304,2025-12-06,Devaraja PS,Mysuru,Fraud,Kuvempunagar,Complainant defrauded of Rs. 40000 in a fake investment scheme operating in Kuvempunagar.,Closed,IPC 420
FIR-2026-00305,2025-11-27,Jayanagar PS,Bengaluru Urban,Theft,Jayanagar 4th Block,Complainant reported theft of gold ornaments from the bus stand in Jayanagar 4th Block. Estimated value Rs. 300000.,Under Investigation,IPC 379
FIR-2026-00306,2025-08-03,Indiranagar PS,Bengaluru Urban,Cybercrime,Malleshwaram,Complainant reported online fraud of Rs. 5000 via a fake UPI payment link. Transaction traced to unknown account.,Open,IT Act 66
FIR-2026-00307,2026-05-24,VV Puram PS,Mysuru,Robbery,Lashkar Mohalla,Armed robbery reported at a residential building in Lashkar Mohalla. Cash and valuables worth Rs. 300000 taken.,Open,IPC 392
FIR-2026-00308,2025-08-01,Yeshwanthpur PS,Bengaluru Urban,Fraud,Koramangala,Complainant defrauded of Rs. 5000 in a real-estate advance scheme operating in Koramangala.,Under Investigation,IPC 420
FIR-2026-00309,2026-06-03,Yeshwanthpur PS,Bengaluru Urban,Theft,Jayanagar 4th Block,Complainant reported theft of cash from the bus stand in Jayanagar 4th Block. Estimated value Rs. 5000.,Under Investigation,IPC 379
FIR-2026-00310,2025-02-06,Indiranagar PS,Bengaluru Urban,Robbery,Whitefield,Armed robbery reported at a shopping complex in Whitefield. Cash and valuables worth Rs. 150000 taken.,Open,IPC 392
FIR-2026-00311,2025-08-02,Panambur PS,Mangaluru,Assault,Hampankatta,Physical altercation reported near the market in Hampankatta. Complainant sustained minor injuries.,Under Investigation,IPC 323
FIR-2026-00312,2025-07-11,Panambur PS,Mangaluru,Cybercrime,Surathkal,Complainant reported online fraud of Rs. 150000 via a fraudulent job portal. Transaction traced to unknown account.,Closed,IT Act 66
FIR-2026-00313,2025-08-10,Yeshwanthpur PS,Bengaluru Urban,Fraud,Jayanagar 4th Block,Complainant defrauded of Rs. 5000 in a chit fund scheme operating in Jayanagar 4th Block.,Under Investigation,IPC 420
FIR-2026-00314,2025-07-14,Kadri PS,Mangaluru,Vehicle Theft,Kadri,"Two-wheeler bearing registration KA-10-BL-4361 stolen from parking area near a parking lot, Kadri.",Closed,IPC 379A
FIR-2026-00315,2025-04-29,Cubbon Park PS,Bengaluru Urban,Burglary,Malleshwaram,House break-in reported in Malleshwaram during night hours. Jewellery and cash worth Rs. 150000 stolen.,Closed,IPC 457
FIR-2026-00316,2025-08-03,Kadri PS,Mangaluru,Theft,Panambur,Complainant reported theft of a laptop from a shopping complex in Panambur. Estimated value Rs. 25000.,Open,IPC 379
FIR-2026-00317,2026-06-11,Cubbon Park PS,Bengaluru Urban,Theft,Malleshwaram,Complainant reported theft of a laptop from the railway station in Malleshwaram. Estimated value Rs. 25000.,Open,IPC 379
FIR-2026-00318,2025-02-21,Devaraja PS,Mysuru,Assault,Hebbal Industrial Area,Physical altercation reported near a residential building in Hebbal Industrial Area. Complainant sustained minor injuries.,Under Investigation,IPC 323
FIR-2026-00319,2025-12-31,Kadri PS,Mangaluru,Vehicle Theft,Surathkal,"Two-wheeler bearing registration KA-37-CK-8672 stolen from parking area near a shopping complex, Surathkal.",Open,IPC 379A
FIR-2026-00320,2026-04-27,Indiranagar PS,Bengaluru Urban,Robbery,Whitefield,Armed robbery reported at a shopping complex in Whitefield. Cash and valuables worth Rs. 300000 taken.,Under Investigation,IPC 392
FIR-2026-00321,2026-05-06,Whitefield PS,Bengaluru Urban,Cybercrime,Jayanagar 4th Block,Complainant reported online fraud of Rs. 300000 via a fraudulent job portal. Transaction traced to unknown account.,Under Investigation,IT Act 66
FIR-2026-00322,2026-02-15,VV Puram PS,Mysuru,Fraud,Hebbal Industrial Area,Complainant defrauded of Rs. 75000 in a fake investment scheme operating in Hebbal Industrial Area.,Open,IPC 420
FIR-2026-00323,2025-12-17,VV Puram PS,Mysuru,Assault,Hebbal Industrial Area,Physical altercation reported near a shopping complex in Hebbal Industrial Area. Complainant sustained minor injuries.,Closed,IPC 323
FIR-2026-00324,2025-04-22,Yeshwanthpur PS,Bengaluru Urban,Chain Snatching,MG Road,"Gold chain snatched from complainant by two persons on a motorcycle near the market, MG Road.",Under Investigation,IPC 356
FIR-2026-00325,2026-04-03,Indiranagar PS,Bengaluru Urban,Assault,Malleshwaram,Physical altercation reported near a parking lot in Malleshwaram. Complainant sustained minor injuries.,Under Investigation,IPC 323
FIR-2026-00326,2025-10-29,Devaraja PS,Mysuru,Cybercrime,Lashkar Mohalla,Complainant reported online fraud of Rs. 5000 via a fake UPI payment link. Transaction traced to unknown account.,Under Investigation,IT Act 66
FIR-2026-00327,2026-02-20,Lashkar PS,Mysuru,Robbery,Hebbal Industrial Area,Armed robbery reported at the railway station in Hebbal Industrial Area. Cash and valuables worth Rs. 12000 taken.,Closed,IPC 392
FIR-2026-00328,2025-05-09,Indiranagar PS,Bengaluru Urban,Chain Snatching,Koramangala,"Gold chain snatched from complainant by two persons on a motorcycle near the bus stand, Koramangala.",Open,IPC 356
FIR-2026-00329,2026-03-12,VV Puram PS,Mysuru,Assault,Hebbal Industrial Area,Physical altercation reported near a residential building in Hebbal Industrial Area. Complainant sustained minor injuries.,Under Investigation,IPC 323
FIR-2026-00330,2025-08-31,Yeshwanthpur PS,Bengaluru Urban,Cybercrime,Koramangala,Complainant reported online fraud of Rs. 75000 via a fraudulent job portal. Transaction traced to unknown account.,Under Investigation,IT Act 66
FIR-2026-00331,2026-04-22,Hubballi City PS,Hubballi-Dharwad,Theft,Old Hubballi,Complainant reported theft of a bicycle from the railway station in Old Hubballi. Estimated value Rs. 5000.,Closed,IPC 379
FIR-2026-00332,2026-06-09,Lashkar PS,Mysuru,Theft,Hebbal Industrial Area,Complainant reported theft of a bicycle from a parking lot in Hebbal Industrial Area. Estimated value Rs. 25000.,Open,IPC 379
FIR-2026-00333,2025-03-04,Dharwad PS,Hubballi-Dharwad,Burglary,Old Hubballi,House break-in reported in Old Hubballi during night hours. Jewellery and cash worth Rs. 75000 stolen.,Open,IPC 457
FIR-2026-00334,2025-09-16,Devaraja PS,Mysuru,Fraud,Kuvempunagar,Complainant defrauded of Rs. 25000 in a chit fund scheme operating in Kuvempunagar.,Under Investigation,IPC 420
FIR-2026-00335,2025-08-30,Whitefield PS,Bengaluru Urban,Theft,Koramangala,Complainant reported theft of a laptop from the railway station in Koramangala. Estimated value Rs. 300000.,Closed,IPC 379
FIR-2026-00336,2026-03-27,Indiranagar PS,Bengaluru Urban,Assault,Koramangala,Physical altercation reported near the railway station in Koramangala. Complainant sustained minor injuries.,Open,IPC 323
FIR-2026-00337,2025-08-28,Whitefield PS,Bengaluru Urban,Assault,Koramangala,Physical altercation reported near a residential building in Koramangala. Complainant sustained minor injuries.,Under Investigation,IPC 323
FIR-2026-00338,2025-04-10,Dharwad PS,Hubballi-Dharwad,Burglary,Vidyanagar,House break-in reported in Vidyanagar during night hours. Jewellery and cash worth Rs. 150000 stolen.,Under Investigation,IPC 457
FIR-2026-00339,2025-09-05,Yeshwanthpur PS,Bengaluru Urban,Burglary,Koramangala,House break-in reported in Koramangala during night hours. Jewellery and cash worth Rs. 25000 stolen.,Open,IPC 457
FIR-2026-00340,2025-12-26,Indiranagar PS,Bengaluru Urban,Theft,Whitefield,Complainant reported theft of cash from the market in Whitefield. Estimated value Rs. 12000.,Closed,IPC 379
FIR-2026-00341,2025-03-30,VV Puram PS,Mysuru,Burglary,Devaraja Mohalla,House break-in reported in Devaraja Mohalla during night hours. Jewellery and cash worth Rs. 150000 stolen.,Under Investigation,IPC 457
FIR-2026-00342,2026-03-14,Dharwad PS,Hubballi-Dharwad,Robbery,Old Hubballi,Armed robbery reported at a shopping complex in Old Hubballi. Cash and valuables worth Rs. 300000 taken.,Under Investigation,IPC 392
FIR-2026-00343,2025-07-02,Whitefield PS,Bengaluru Urban,Chain Snatching,Jayanagar 4th Block,"Gold chain snatched from complainant by two persons on a motorcycle near a residential building, Jayanagar 4th Block.",Under Investigation,IPC 356
FIR-2026-00344,2026-03-29,Jayanagar PS,Bengaluru Urban,Robbery,MG Road,Armed robbery reported at the bus stand in MG Road. Cash and valuables worth Rs. 5000 taken.,Open,IPC 392
FIR-2026-00345,2025-09-30,Devaraja PS,Mysuru,Vehicle Theft,Hebbal Industrial Area,"Two-wheeler bearing registration KA-31-GQ-2148 stolen from parking area near a residential building, Hebbal Industrial Area.",Under Investigation,IPC 379A
FIR-2026-00346,2025-05-05,Yeshwanthpur PS,Bengaluru Urban,Chain Snatching,Whitefield,"Gold chain snatched from complainant by two persons on a motorcycle near the market, Whitefield.",Closed,IPC 356
FIR-2026-00347,2025-07-27,Indiranagar PS,Bengaluru Urban,Fraud,Jayanagar 4th Block,Complainant defrauded of Rs. 40000 in a real-estate advance scheme operating in Jayanagar 4th Block.,Under Investigation,IPC 420
FIR-2026-00348,2025-05-24,Hubballi City PS,Hubballi-Dharwad,Assault,Gokul Road,Physical altercation reported near the bus stand in Gokul Road. Complainant sustained minor injuries.,Under Investigation,IPC 323
FIR-2026-00349,2025-02-07,Kadri PS,Mangaluru,Cybercrime,Hampankatta,Complainant reported online fraud of Rs. 300000 via a fake UPI payment link. Transaction traced to unknown account.,Open,IT Act 66
FIR-2026-00350,2025-05-25,Lashkar PS,Mysuru,Vehicle Theft,Devaraja Mohalla,"Two-wheeler bearing registration KA-45-CJ-3822 stolen from parking area near a residential building, Devaraja Mohalla.",Under Investigation,IPC 379A
FIR-2026-00351,2026-04-13,Hubballi City PS,Hubballi-Dharwad,Fraud,Vidyanagar,Complainant defrauded of Rs. 300000 in a chit fund scheme operating in Vidyanagar.,Under Investigation,IPC 420
FIR-2026-00352,2025-11-29,Mangaluru North PS,Mangaluru,Chain Snatching,Surathkal,"Gold chain snatched from complainant by two persons on a motorcycle near the railway station, Surathkal.",Open,IPC 356
FIR-2026-00353,2026-01-14,Yeshwanthpur PS,Bengaluru Urban,Burglary,Indiranagar,House break-in reported in Indiranagar during night hours. Jewellery and cash worth Rs. 12000 stolen.,Closed,IPC 457
FIR-2026-00354,2025-10-18,Whitefield PS,Bengaluru Urban,Theft,MG Road,Complainant reported theft of gold ornaments from a parking lot in MG Road. Estimated value Rs. 12000.,Open,IPC 379
FIR-2026-00355,2025-07-04,Whitefield PS,Bengaluru Urban,Burglary,Malleshwaram,House break-in reported in Malleshwaram during night hours. Jewellery and cash worth Rs. 150000 stolen.,Open,IPC 457
FIR-2026-00356,2026-06-04,Devaraja PS,Mysuru,Theft,Kuvempunagar,Complainant reported theft of gold ornaments from a parking lot in Kuvempunagar. Estimated value Rs. 150000.,Under Investigation,IPC 379
FIR-2026-00357,2025-06-13,Hubballi City PS,Hubballi-Dharwad,Cybercrime,Gokul Road,Complainant reported online fraud of Rs. 25000 via a fraudulent job portal. Transaction traced to unknown account.,Open,IT Act 66
FIR-2026-00358,2025-06-11,Mangaluru North PS,Mangaluru,Vehicle Theft,Kadri,"Two-wheeler bearing registration KA-47-HP-7865 stolen from parking area near the railway station, Kadri.",Open,IPC 379A
FIR-2026-00359,2025-11-30,Devaraja PS,Mysuru,Assault,Devaraja Mohalla,Physical altercation reported near a shopping complex in Devaraja Mohalla. Complainant sustained minor injuries.,Under Investigation,IPC 323
FIR-2026-00360,2026-04-11,Indiranagar PS,Bengaluru Urban,Assault,Indiranagar,Physical altercation reported near the market in Indiranagar. Complainant sustained minor injuries.,Under Investigation,IPC 323
FIR-2026-00361,2025-05-20,Cubbon Park PS,Bengaluru Urban,Cybercrime,Jayanagar 4th Block,Complainant reported online fraud of Rs. 40000 via an OTP scam call. Transaction traced to unknown account.,Under Investigation,IT Act 66
FIR-2026-00362,2026-06-19,Lashkar PS,Mysuru,Theft,Hebbal Industrial Area,Complainant reported theft of a laptop from the railway station in Hebbal Industrial Area. Estimated value Rs. 40000.,Under Investigation,IPC 379
FIR-2026-00363,2025-01-06,Lashkar PS,Mysuru,Vehicle Theft,Lashkar Mohalla,"Two-wheeler bearing registration KA-34-GR-2605 stolen from parking area near the bus stand, Lashkar Mohalla.",Under Investigation,IPC 379A
FIR-2026-00364,2026-02-21,Indiranagar PS,Bengaluru Urban,Cybercrime,MG Road,Complainant reported online fraud of Rs. 25000 via an OTP scam call. Transaction traced to unknown account.,Closed,IT Act 66
FIR-2026-00365,2026-04-11,Dharwad PS,Hubballi-Dharwad,Burglary,Vidyanagar,House break-in reported in Vidyanagar during night hours. Jewellery and cash worth Rs. 40000 stolen.,Under Investigation,IPC 457
FIR-2026-00366,2026-03-13,Lashkar PS,Mysuru,Cybercrime,Kuvempunagar,Complainant reported online fraud of Rs. 75000 via an OTP scam call. Transaction traced to unknown account.,Closed,IT Act 66
FIR-2026-00367,2026-01-28,Lashkar PS,Mysuru,Vehicle Theft,Devaraja Mohalla,"Two-wheeler bearing registration KA-12-BM-3267 stolen from parking area near the railway station, Devaraja Mohalla.",Closed,IPC 379A
FIR-2026-00368,2025-08-03,Indiranagar PS,Bengaluru Urban,Theft,Whitefield,Complainant reported theft of cash from the market in Whitefield. Estimated value Rs. 25000.,Under Investigation,IPC 379
FIR-2026-00369,2025-10-27,Lashkar PS,Mysuru,Fraud,Hebbal Industrial Area,Complainant defrauded of Rs. 300000 in a fake investment scheme operating in Hebbal Industrial Area.,Under Investigation,IPC 420
FIR-2026-00370,2025-04-22,Indiranagar PS,Bengaluru Urban,Chain Snatching,MG Road,"Gold chain snatched from complainant by two persons on a motorcycle near the bus stand, MG Road.",Under Investigation,IPC 356
FIR-2026-00371,2025-12-22,Lashkar PS,Mysuru,Vehicle Theft,Hebbal Industrial Area,"Two-wheeler bearing registration KA-13-BJ-4806 stolen from parking area near a parking lot, Hebbal Industrial Area.",Closed,IPC 379A
FIR-2026-00372,2025-12-01,Lashkar PS,Mysuru,Assault,Kuvempunagar,Physical altercation reported near a parking lot in Kuvempunagar. Complainant sustained minor injuries.,Closed,IPC 323
FIR-2026-00373,2025-02-18,Indiranagar PS,Bengaluru Urban,Assault,Jayanagar 4th Block,Physical altercation reported near the market in Jayanagar 4th Block. Complainant sustained minor injuries.,Closed,IPC 323
FIR-2026-00374,2025-06-15,Devaraja PS,Mysuru,Robbery,Lashkar Mohalla,Armed robbery reported at the bus stand in Lashkar Mohalla. Cash and valuables worth Rs. 25000 taken.,Under Investigation,IPC 392
FIR-2026-00375,2025-06-01,Jayanagar PS,Bengaluru Urban,Assault,Jayanagar 4th Block,Physical altercation reported near the railway station in Jayanagar 4th Block. Complainant sustained minor injuries.,Closed,IPC 323
FIR-2026-00376,2025-01-05,Dharwad PS,Hubballi-Dharwad,Vehicle Theft,Gokul Road,"Two-wheeler bearing registration KA-22-BR-1656 stolen from parking area near a residential building, Gokul Road.",Open,IPC 379A
FIR-2026-00377,2025-08-14,Lashkar PS,Mysuru,Assault,Hebbal Industrial Area,Physical altercation reported near the bus stand in Hebbal Industrial Area. Complainant sustained minor injuries.,Open,IPC 323
FIR-2026-00378,2026-06-09,Lashkar PS,Mysuru,Cybercrime,Devaraja Mohalla,Complainant reported online fraud of Rs. 25000 via a fake UPI payment link. Transaction traced to unknown account.,Under Investigation,IT Act 66
FIR-2026-00379,2026-04-02,Yeshwanthpur PS,Bengaluru Urban,Assault,Jayanagar 4th Block,Physical altercation reported near a shopping complex in Jayanagar 4th Block. Complainant sustained minor injuries.,Closed,IPC 323
FIR-2026-00380,2025-05-23,Hubballi City PS,Hubballi-Dharwad,Assault,Dharwad Market,Physical altercation reported near a shopping complex in Dharwad Market. Complainant sustained minor injuries.,Under Investigation,IPC 323
FIR-2026-00381,2025-05-21,Hubballi City PS,Hubballi-Dharwad,Assault,Dharwad Market,Physical altercation reported near a residential building in Dharwad Market. Complainant sustained minor injuries.,Under Investigation,IPC 323
FIR-2026-00382,2025-06-07,Jayanagar PS,Bengaluru Urban,Theft,MG Road,Complainant reported theft of cash from a parking lot in MG Road. Estimated value Rs. 300000.,Under Investigation,IPC 379
FIR-2026-00383,2025-10-11,Lashkar PS,Mysuru,Theft,Devaraja Mohalla,Complainant reported theft of a mobile phone from the railway station in Devaraja Mohalla. Estimated value Rs. 150000.,Closed,IPC 379
FIR-2026-00384,2025-09-23,Mangaluru North PS,Mangaluru,Assault,Hampankatta,Physical altercation reported near the bus stand in Hampankatta. Complainant sustained minor injuries.,Open,IPC 323
FIR-2026-00385,2025-02-19,Jayanagar PS,Bengaluru Urban,Robbery,Jayanagar 4th Block,Armed robbery reported at the railway station in Jayanagar 4th Block. Cash and valuables worth Rs. 150000 taken.,Under Investigation,IPC 392
FIR-2026-00386,2025-10-05,Dharwad PS,Hubballi-Dharwad,Fraud,Old Hubballi,Complainant defrauded of Rs. 75000 in a fake investment scheme operating in Old Hubballi.,Closed,IPC 420
FIR-2026-00387,2025-04-15,Indiranagar PS,Bengaluru Urban,Vehicle Theft,Indiranagar,"Two-wheeler bearing registration KA-27-HK-2909 stolen from parking area near the railway station, Indiranagar.",Closed,IPC 379A
FIR-2026-00388,2026-01-07,Hubballi City PS,Hubballi-Dharwad,Cybercrime,Old Hubballi,Complainant reported online fraud of Rs. 75000 via a fraudulent job portal. Transaction traced to unknown account.,Open,IT Act 66
FIR-2026-00389,2025-11-11,Hubballi City PS,Hubballi-Dharwad,Theft,Gokul Road,Complainant reported theft of a laptop from a shopping complex in Gokul Road. Estimated value Rs. 5000.,Open,IPC 379
FIR-2026-00390,2025-03-02,Whitefield PS,Bengaluru Urban,Fraud,Malleshwaram,Complainant defrauded of Rs. 5000 in a real-estate advance scheme operating in Malleshwaram.,Closed,IPC 420
FIR-2026-00391,2025-12-26,Cubbon Park PS,Bengaluru Urban,Vehicle Theft,Indiranagar,"Two-wheeler bearing registration KA-23-CM-9272 stolen from parking area near a shopping complex, Indiranagar.",Under Investigation,IPC 379A
FIR-2026-00392,2025-08-11,Indiranagar PS,Bengaluru Urban,Cybercrime,MG Road,Complainant reported online fraud of Rs. 300000 via a fake UPI payment link. Transaction traced to unknown account.,Under Investigation,IT Act 66
FIR-2026-00393,2025-07-05,Jayanagar PS,Bengaluru Urban,Robbery,MG Road,Armed robbery reported at a residential building in MG Road. Cash and valuables worth Rs. 12000 taken.,Open,IPC 392
FIR-2026-00394,2025-10-23,Yeshwanthpur PS,Bengaluru Urban,Burglary,Koramangala,House break-in reported in Koramangala during night hours. Jewellery and cash worth Rs. 25000 stolen.,Under Investigation,IPC 457
FIR-2026-00395,2025-10-25,Kadri PS,Mangaluru,Theft,Surathkal,Complainant reported theft of a laptop from the bus stand in Surathkal. Estimated value Rs. 300000.,Under Investigation,IPC 379
FIR-2026-00396,2025-05-27,Lashkar PS,Mysuru,Robbery,Devaraja Mohalla,Armed robbery reported at a parking lot in Devaraja Mohalla. Cash and valuables worth Rs. 75000 taken.,Open,IPC 392
FIR-2026-00397,2026-03-11,Panambur PS,Mangaluru,Assault,Kadri,Physical altercation reported near the market in Kadri. Complainant sustained minor injuries.,Under Investigation,IPC 323
FIR-2026-00398,2025-09-14,Whitefield PS,Bengaluru Urban,Cybercrime,MG Road,Complainant reported online fraud of Rs. 150000 via an OTP scam call. Transaction traced to unknown account.,Under Investigation,IT Act 66
FIR-2026-00399,2025-06-06,Dharwad PS,Hubballi-Dharwad,Assault,Old Hubballi,Physical altercation reported near the railway station in Old Hubballi. Complainant sustained minor injuries.,Under Investigation,IPC 323
FIR-2026-00400,2025-01-19,Cubbon Park PS,Bengaluru Urban,Theft,Jayanagar 4th Block,Complainant reported theft of gold ornaments from the bus stand in Jayanagar 4th Block. Estimated value Rs. 40000.,Open,IPC 379
